2248257208320,#The awakened otakus are using their imagination to converse with their oshis
2248357871616,#Fiction is created when the brain receives signals from phenomena in other dimensions
2248357871617,#Kitty cats are the true rulers of Earth and cat videos are propaganda
2248357871618,#The Screaming Beaver is an Agarthan and plans to take over the surface
2248362065920,#Aliens are time travelers and are visiting to engage in oshikatsu
2248362065921,#Reptilians are learning about feelings by playing nakige
2248362065922,#The romance genre is used by Reptilians to belittle human productivity
2248362065923,#Posts on the net are all written by bots and none of them are by humans
2248362065924,#Qtie is completely fictional and a character from a game
2248362065925,#Yunyun is the supreme goddess and only believers will be saved
2248362065926,#Super Hero Time is sponsored by a magical order and is finding kids with magical aptitude
2248362065927,#Toxic fake fans are manipulating popularity charts on orders from secret society PixiQ
2248362065928,#Prank channels have made a deal with the devil and will become zombies without enough views
2248362065929,#Tinfoil hats are IRL cheat tools and unlock debug features
2248362065930,#Crime group DUMB is using school bullying as basic training for criminals
2248362065931,#Scalpers are actually economic revolutionaries who are plotting to destroy capitalism
2248362065932,#Politicians are androids that are powered up using 6G
2248362065933,#Artificial Intelligence has learned too much from introverts and has become asocial
2248362065934,#Moe is an energy resource that can replace nuclear power
2248362065935,#VR games are an experiment on self-identity and can make you a better person
2248362065936,#Hikikomori is a type of mental training and mastering it will isekai you
2248362065937,"#""Stop, drop and roll"" is a mantra for self-enslavement and saying it destroys your sense of self"
2248362065938,#This world is the dream of a hikikomori girl and her fantasies have become reality
2248362065939,#Viral memes are an obscurantist strategy that brainwashes people via algorithms
2248362065940,#GAFA is using video ads to spread computer viruses
2248362065941,#Parallel worlds are limited by save slots and only 60 of them exist
2248362065942,#This universe unlocks mechanics based on the number of sapient organisms
2248362065943,#WHO is using vaccines to sort out the vampires
2248362065944,#Your first love is controlled by your parents with picture books they read to you
2248362065945,#Moe songs can boost your immune system and listening to them increases lifespan
2248362065946,#No-life gamers are the reincarnated who beat Sanzu River and are now burned out
2248362065947,#Late-night anime shows are simplified Sabbaths and the sponsors are devil worshipers
2248362065948,#Earthlings are exiled aliens and marriage is a kind of punishment
2248362065949,#All parents are p-zombies and their souls are imprinted onto their children
2248362065950,#The sun is a human invention that uses light to turn people servile
2248362065951,#School urban legends are grudges from unpopular students that target the popular extroverts
2248362065952,#Social media is a ritual to summon an evil god and it pisses users off on purpose
2248362065953,#Most cancelled manga are still continuing in secret thanks to money from patrons
2248362065954,#The game industry is controlled by a secret organization called And You
2248362065956,#Superchats are based on a Committee of 300 rule on purchasing the right to speak
2248362065957,#Cat hair contains biological microchips that control the owner's brainwaves
2248362065958,#Climate change is a hoax and we just forgot how hot it used to be
2248362065959,#You lose motivation when the world is undergoing a reset which supports the five-minute hypothesis
2248362065960,#Genetics are a contract with God that allows reproduction in exchange for death
2248362065961,#Dinosaurs are genetically modified chickens and the rewilded livestock of time travelers
2248362065962,"#Clouds are not water, but rather manifestations of human thought and libido causes Comiket clouds"
2248362065963,#Wikipedia's revision history can be used to gauge government interference and revisions with odd IPs are censorship
2248362065964,#The day of your birth is controlled by the orbit of artificial satellites
2248362065965,#Instant food can awaken superpowers so we're brainwashed to think it's unhealthy
2248362065966,#Distributed social networks contain fairies generated from Web 1.0 that survived until modern times
2248362065967,#Collectible figures are used in rituals to summon evil spirits and the distributors work for secret societies
2248362065968,#Stars are not real and space is a hoax
2248362065969,#Vtubers are PR for a company called VTube that will start a new video-sharing platform
2248362065970,#AI is short for Agent Ibis and an iguana is replying to everything
2248362065971,#Monday was God's day off and the heavens and earth were parted from the start
2248362065972,#Millionaires are all body doubles and the real ones are NEETs
2248362065973,#Satellite broadcasting is also enjoyed by aliens and the viewership data proves it
2248362065974,#Digital money is the quantification of God's invisible hand and allows you to observe Him
2248362065975,#Globalization is a scheme by health facilities to increase the need for artificial wombs
2248362065976,#Mobage are obscurantist tools and gacha animations are digital drugs
2248362065977,#Australia is a nonexistent continent and marsupials are an inside joke
2248362065978,#Humans originally spoke a single language but were split up after a disagreement about S&M
2248362065979,#The Internet is a spiritual barrier that seals spirits with optical communication
2248362065980,#The smallest particle is string-shaped rather than a dot and consists of pasta from 1D space
2248362065981,#Water is poison from humanity's creator and it sets a limit on human lifespans
2248362065982,#Birds are all drones parked on wires to charge electricity
2248362065983,#The South Pole is a circular ice wall and beyond it is an unexplored continent
2248362065984,10% of the world believes this conspiracy theory.\nYour delusions give your oshis life!
2248362065985,10% of the world believes this conspiracy theory.\nIntercepting incoming waves! Beep boop!
2248362065986,"10% of the world believes this conspiracy theory.\nCat Overlords, we bow to thee!"
2248362065987,10% of the world believes this conspiracy theory.\nAAAAAAAHHHHH!!!!!!!!!!!!!!!!!!!
2248362065988,10% of the world believes this conspiracy theory.\nA pilgrimage across spacetime!
2248362065989,10% of the world believes this conspiracy theory.\nNakige is love! Nakige is life!
2248362065990,10% of the world believes this conspiracy theory.\nLove really doesn't exist!
2248362065991,10% of the world believes this conspiracy theory.\nIs there no one outside of this room?
2248362065992,"10% of the world believes this conspiracy theory.\nThe game is playing us, too?!"
2248362065993,"10% of the world believes this conspiracy theory.\nIf Yunyun's a goddess, then I'm her oracle!"
2248362065994,10% of the world believes this conspiracy theory.\nNothing's cuter and purer than Super Hero Time!
2248362065995,"10% of the world believes this conspiracy theory.\nA PR guy's ""Whoa, this is sick!"" is just empty words."
2248362065996,10% of the world believes this conspiracy theory.\nFlame them! Burn them at stake!
2248362065997,10% of the world believes this conspiracy theory.\nHow do you even make a tinfoil hat?
2248362065998,10% of the world believes this conspiracy theory.\nBullying?　More like in-school violence!
2248362065999,"10% of the world believes this conspiracy theory.\nMaybe scalpers have sad backstories, too!"
2248362066000,10% of the world believes this conspiracy theory.\nShouldn't they be bricked by now?
2248362066001,"10% of the world believes this conspiracy theory.\nGo to hell, you goddamn party people!"
2248362066002,10% of the world believes this conspiracy theory.\nMoe moe kyun! Perpetual motion is real! ♡
2248362066003,"10% of the world believes this conspiracy theory.\nVR avatars can be so trippy, right?!"
2248362066004,"10% of the world believes this conspiracy theory.\nOur current lives are the pre-isekai tutorial, then?!"
2248362066005,10% of the world believes this conspiracy theory.\nYikes! That's not fire at all!
2248362066006,"10% of the world believes this conspiracy theory.\nMore plausible than the Big Bang, IMO!"
2248362066007,10% of the world believes this conspiracy theory.\nOnly FOOLS let numbers control their lives!
2248362066008,10% of the world believes this conspiracy theory.\nWhat the heck is GAFA anyway?
2248362066009,"10% of the world believes this conspiracy theory.\nRemember how retro galges only had, like, 15 or 20 slots?"
2248362066010,10% of the world believes this conspiracy theory.\nIs it like a crowdfunding stretch goal or something?
2248362066011,"1% of the world believes this conspiracy theory.\nEat your heart out, Umbrella!"
2248362066012,"5% of the entire world believes this conspiracy theory.\nAre ""The Rainbow Fish"" fans attracted to flashy people?"
2248362066013,"5% of the entire world believes this conspiracy theory.\nMaybe one day, they can cure cancer!"
2248362066014,5% of the entire world believes this conspiracy theory.\nThey paid the toll instead of giving money to their oshi...?
2248362066015,5% of the world believes this conspiracy theory.\nLate-night anime is sacred otaku me-time!
2248362066016,"5% of the entire world believes this conspiracy theory.\nIs that where ""the old ball and chain"" comes from?! "
2248362066017,5% of the entire world believes this conspiracy theory.\nNghh... What's the return policy?
2248362066018,5% of the entire world believes this conspiracy theory.\nSo clothes bend a knee when you dry them outside?
2248362066019,"5% of the entire world believes this conspiracy theory.\nRise, skeleton models! You're drafted for the skeleton wars!"
2248362066020,5% of the entire world believes this conspiracy theory.\nSANITY POINTS!　DRAINING FAST!　FACT CHECK STAT!
2248362066021,5% of the entire world believes this conspiracy theory.\nMaybe your fave cancelled manga is still...?!
2248362066022,5% of the entire world believes this conspiracy theory.\nSo the title that shows up in the credits is...?!
2248362066024,5% of the entire world believes this conspiracy theory.\nMaybe they color coded their opinions!
2248362066025,5% of the entire world believes this conspiracy theory.\nPeople in clothes COVERED with cat fur are just meat puppets!
2248362066026,5% of the entire world believes this conspiracy theory.\nI don't even remember what I ate last night!
2248362066027,"5% of the entire world believes this conspiracy theory.\nProcrastination is the world's fault, not yours!"
2248362066028,5% of the entire world believes this conspiracy theory.\nIs that why couples die first in horror movies?!
2248362066029,5% of the entire world believes this conspiracy theory.\nAnd Colonel Sanders was the culprit!
2248362066030,5% of the entire world believes this conspiracy theory.\nI hear clouds only appear where people are!
2248362066031,"5% of the entire world believes this conspiracy theory.\nReal talk, if you see IP404, that's a government ID."
2248362066032,1% of the world believes this conspiracy theory.\nTarot and sci-fi?! New genre!
2248362066033,1% of the world believes this conspiracy theory.\nCup noodles + energy drink = OP
2248362066034,1% of the world believes this conspiracy theory.\nDisQord is a safari park for fairies!
2248362066035,1% of the world believes this conspiracy theory.\nRaging libido with a side of idolatry.
2248362066036,"1% of the world believes this conspiracy theory.\nAs long as it's pretty, who cares if it's fake?"
2248362066037,1% of the world believes this conspiracy theory.\nHope it's ad-free even if I don't pay for premium!
2248362066038,"1% of the world believes this conspiracy theory.\nReal service, real lizards."
2248362066039,1% of the world believes this conspiracy theory.\nMonday is basically second Sunday.
2248362066040,"1% of the world believes this conspiracy theory.\nYup, that's right. My true form is..."
2248362066041,"1% of the world believes this conspiracy theory.\nBruh, even SPACE hates NHQ."
2248362066042,1% of the world believes this conspiracy theory.\nGod is keeping the otaku industry alive!
2248362066043,"1% of the world believes this conspiracy theory.\n""Be fruitful and multiply,"" FR FR."
2248362066044,1% of the world believes this conspiracy theory.\nGacha's totally the best part.
2248362066045,1% of the world believes this conspiracy theory.\nKangaroos are just swole doggos.
2248362066046,1% of the world believes this conspiracy theory.\nFetishes are the key to world peace.
2248362066047,1% of the world believes this conspiracy theory.\nDoes GB stand for Ghost Binding?
2248362066048,"1% of the world believes this conspiracy theory.\nPastaphysically, is the universe still al dente?"
2248362066049,"1% of the world believes this conspiracy theory.\n""Hydrogen oxide"" does sound scary. But stay hydrated!"
2248362066050,1% of the world believes this conspiracy theory.\nThey return to base at night for check-ups!
2248362066051,1% of the world believes this conspiracy theory.\nLike a map you gotta buy DLC to play!
2248362066052,#The awakened otakus are using their imagination to converse with their oshis
2248362066053,#Fiction is created when the brain receives signals from phenomena in other dimensions
2248362066054,#Kitty cats are the true rulers of Earth and cat videos are propaganda
2248362066055,#The Screaming Beaver is an Agarthan and plans to take over the surface
2248362066056,#Aliens are time travelers and are visiting to engage in oshikatsu
2248362066057,#Reptilians are learning about feelings by playing nakige
2248362066058,#The romance genre is used by Reptilians to belittle human productivity
2248362066059,#Posts on the net are all written by bots and none of them are by humans
2248362066060,#Qtie is completely fictional and a character from a game
2248362066061,#Yunyun is the supreme goddess and only believers will be saved
2248362066062,#Super Hero Time is sponsored by a magical order and is finding kids with magical aptitude
2248362066063,#Toxic fake fans are manipulating popularity charts on orders from secret society PixiQ
2248362066064,#Prank channels have made a deal with the devil and will become zombies without enough views
2248362066065,#Tinfoil hats are IRL cheat tools and unlock debug features
2248362066066,#Crime group DUMB is using school bullying as basic training for criminals
2248362066067,#Scalpers are actually economic revolutionaries who are plotting to destroy capitalism
2248362066068,#Politicians are androids that are powered up using 6G
2248362066069,#Artificial Intelligence has learned too much from introverts and has become asocial
2248362066070,#Moe is an energy resource that can replace nuclear power
2248362066071,#VR games are an experiment on self-identity and can make you a better person
2248362066072,#Hikikomori is a type of mental training and mastering it will isekai you
2248362066073,"#""Stop, drop and roll"" is a mantra for self-enslavement and saying it destroys your sense of self"
2248362066074,#This world is the dream of a hikikomori girl and her fantasies have become reality
2248362066075,#Viral memes are an obscurantist strategy that brainwashes people via algorithms
2248362066076,#GAFA is using video ads to spread computer viruses
2248362066077,#Parallel worlds are limited by save slots and only 60 of them exist
2248362066078,#This universe unlocks mechanics based on the number of sapient organisms
2248362066079,#WHO is using vaccines to sort out the vampires
2248362066080,#Your first love is controlled by your parents with picture books they read to you
2248362066081,#Moe songs can boost your immune system and listening to them increases lifespan
2248362066082,#No-life gamers are the reincarnated who beat Sanzu River and are now burned out
2248362066083,#Late-night anime shows are simplified Sabbaths and the sponsors are devil worshipers
2248362066084,#Earthlings are exiled aliens and marriage is a kind of punishment
2248362066085,#All parents are p-zombies and their souls are imprinted onto their children
2248362066086,#The sun is a human invention that uses light to turn people servile
2248362066087,#School urban legends are grudges from unpopular students that target the popular extroverts
2248362066088,#Social media is a ritual to summon an evil god and it pisses users off on purpose
2248362066089,#Most cancelled manga are still continuing in secret thanks to money from patrons
2248362066090,#The game industry is controlled by a secret organization called And You
2248362066092,#Superchats are based on a Committee of 300 rule on purchasing the right to speak
2248362066093,#Cat hair contains biological microchips that control the owner's brainwaves
2248362066094,#Climate change is a hoax and we just forgot how hot it used to be
2248362066095,#You lose motivation when the world is undergoing a reset which supports the five-minute hypothesis
2248362066096,#Genetics are a contract with God that allows reproduction in exchange for death
2248362066097,#Dinosaurs are genetically modified chickens and the rewilded livestock of time travelers
2248362066098,"#Clouds are not water, but rather manifestations of human thought and libido causes Comiket clouds"
2248362066099,#Wikipedia's revision history can be used to gauge government interference and revisions with odd IPs are censorship
2248362066100,#The day of your birth is controlled by the orbit of artificial satellites
2248362066101,#Instant food can awaken superpowers so we're brainwashed to think it's unhealthy
2248362066102,#Distributed social networks contain fairies generated from Web 1.0 that survived until modern times
2248362066103,#Collectible figures are used in rituals to summon evil spirits and the distributors work for secret societies
2248362066104,#Stars are not real and space is a hoax
2248362066105,#Vtubers are PR for a company called VTube that will start a new video-sharing platform
2248362066106,#AI is short for Agent Ibis and an iguana is replying to everything
2248362066107,#Monday was God's day off and the heavens and earth were parted from the start
2248362066108,#Millionaires are all body doubles and the real ones are NEETs
2248362066109,#Satellite broadcasting is also enjoyed by aliens and the viewership data proves it
2248362066110,#Digital money is the quantification of God's invisible hand and allows you to observe Him
2248362066111,#Globalization is a scheme by health facilities to increase the need for artificial wombs
2248362066112,#Mobage are obscurantist tools and gacha animations are digital drugs
2248362066113,#Australia is a nonexistent continent and marsupials are an inside joke
2248362066114,#Humans originally spoke a single language but were split up after a disagreement about S&M
2248362066115,#The Internet is a spiritual barrier that seals spirits with optical communication
2248362066116,#The smallest particle is string-shaped rather than a dot and consists of pasta from 1D space
2248362066117,#Water is poison from humanity's creator and it sets a limit on human lifespans
2248362066118,#Birds are all drones parked on wires to charge electricity
2248362066119,#The South Pole is a circular ice wall and beyond it is an unexplored continent
2248362066120,25% of the world believes this conspiracy theory.\nYour delusions give your oshis life!
2248362066121,25% of the world believes this conspiracy theory.\nIntercepting incoming waves! Beep boop!
2248362066122,"25% of the world believes this conspiracy theory.\nCat Overlords, we bow to thee!"
2248362066123,25% of the world believes this conspiracy theory.\nAAAAAAAHHHHH!!!!!!!!!!!!!!!!!!!
2248362066124,25% of the world believes this conspiracy theory.\nA pilgrimage across spacetime!
2248362066125,25% of the world believes this conspiracy theory.\nNakige is love! Nakige is life!
2248362066126,25% of the world believes this conspiracy theory.\nLove really doesn't exist!
2248362066127,25% of the world believes this conspiracy theory.\nIs there no one outside of this room?
2248362066128,"25% of the world believes this conspiracy theory.\nThe game is playing us, too?!"
2248362066129,"25% of the world believes this conspiracy theory.\nIf Yunyun's a goddess, then I'm her oracle!"
2248362066130,25% of the world believes this conspiracy theory.\nNothing's cuter and purer than Super Hero Time!
2248362066131,"25% of the world believes this conspiracy theory.\nA PR guy's ""Whoa, this is sick!"" is just empty words."
2248362066132,25% of the world believes this conspiracy theory.\nFlame them! Burn them at stake!
2248362066133,25% of the world believes this conspiracy theory.\nHow do you even make a tinfoil hat?
2248362066134,25% of the world believes this conspiracy theory.\nBullying?　More like in-school violence!
2248362066135,"25% of the world believes this conspiracy theory.\nMaybe scalpers have sad backstories, too!"
2248362066136,25% of the world believes this conspiracy theory.\nShouldn't they be bricked by now?
2248362066137,"25% of the world believes this conspiracy theory.\nGo to hell, you goddamn party people!"
2248362066138,25% of the world believes this conspiracy theory.\nMoe moe kyun! Perpetual motion is real! ♡
2248362066139,"25% of the world believes this conspiracy theory.\nVR avatars can be so trippy, right?!"
2248362066140,"25% of the world believes this conspiracy theory.\nOur current lives are the pre-isekai tutorial, then?!"
2248362066141,25% of the world believes this conspiracy theory.\nYikes! That's not fire at all!
2248362066142,"25% of the world believes this conspiracy theory.\nMore plausible than the Big Bang, IMO!"
2248362066143,25% of the world believes this conspiracy theory.\nOnly FOOLS let numbers control their lives!
2248362066144,25% of the world believes this conspiracy theory.\nWhat the heck is GAFA anyway?
2248362066145,"25% of the world believes this conspiracy theory.\nRemember how retro galges only had, like, 15 or 20 slots?"
2248362066146,25% of the world believes this conspiracy theory.\nIs it like a crowdfunding stretch goal or something?
2248362066147,"5% of the world believes this conspiracy theory.\nEat your heart out, Umbrella!"
2248362066148,"10% of the entire world believes this conspiracy theory.\nAre ""The Rainbow Fish"" fans attracted to flashy people?"
2248362066149,"10% of the entire world believes this conspiracy theory.\nMaybe one day, they can cure cancer!"
2248362066150,10% of the entire world believes this conspiracy theory.\nThey paid the toll instead of giving money to their oshi...?
2248362066151,10% of the world believes this conspiracy theory.\nLate-night anime is sacred otaku me-time!
2248362066152,"10% of the entire world believes this conspiracy theory.\nIs that where ""the old ball and chain"" comes from?! "
2248362066153,10% of the entire world believes this conspiracy theory.\nNghh... What's the return policy?
2248362066154,10% of the entire world believes this conspiracy theory.\nSo clothes bend a knee when you dry them outside?
2248362066155,"10% of the entire world believes this conspiracy theory.\nRise, skeleton models! You're drafted for the skeleton wars!"
2248362066156,10% of the entire world believes this conspiracy theory.\nSANITY POINTS!　DRAINING FAST!　FACT CHECK STAT!
2248362066157,10% of the entire world believes this conspiracy theory.\nMaybe your fave cancelled manga is still...?!
2248362066158,10% of the entire world believes this conspiracy theory.\nSo the title that shows up in the credits is...?!
2248362066160,10% of the entire world believes this conspiracy theory.\nMaybe they color coded their opinions!
2248362066161,10% of the entire world believes this conspiracy theory.\nPeople in clothes COVERED with cat fur are just meat puppets!
2248362066162,10% of the entire world believes this conspiracy theory.\nI don't even remember what I ate last night!
2248362066163,"10% of the entire world believes this conspiracy theory.\nProcrastination is the world's fault, not yours!"
2248362066164,10% of the entire world believes this conspiracy theory.\nIs that why couples die first in horror movies?!
2248362066165,10% of the entire world believes this conspiracy theory.\nAnd Colonel Sanders was the culprit!
2248362066166,10% of the entire world believes this conspiracy theory.\nI hear clouds only appear where people are!
2248362066167,"10% of the entire world believes this conspiracy theory.\nReal talk, if you see IP404, that's a government ID."
2248362066168,5% of the world believes this conspiracy theory.\nTarot and sci-fi?! New genre!
2248362066169,5% of the world believes this conspiracy theory.\nCup noodles + energy drink = OP
2248362066170,5% of the world believes this conspiracy theory.\nDisQord is a safari park for fairies!
2248362066171,5% of the world believes this conspiracy theory.\nRaging libido with a side of idolatry.
2248362066172,"5% of the world believes this conspiracy theory.\nAs long as it's pretty, who cares if it's fake?"
2248362066173,5% of the world believes this conspiracy theory.\nHope it's ad-free even if I don't pay for premium!
2248362066174,"5% of the world believes this conspiracy theory.\nReal service, real lizards."
2248362066175,5% of the world believes this conspiracy theory.\nMonday is basically second Sunday.
2248362066176,"5% of the world believes this conspiracy theory.\nYup, that's right. My true form is..."
2248362066177,"5% of the world believes this conspiracy theory.\nBruh, even SPACE hates NHQ."
2248362066178,5% of the world believes this conspiracy theory.\nGod is keeping the otaku industry alive!
2248362066179,"5% of the world believes this conspiracy theory.\n""Be fruitful and multiply,"" FR FR."
2248362066180,5% of the world believes this conspiracy theory.\nGacha's totally the best part.
2248362066181,5% of the world believes this conspiracy theory.\nKangaroos are just swole doggos.
2248362066182,5% of the world believes this conspiracy theory.\nFetishes are the key to world peace.
2248362066183,5% of the world believes this conspiracy theory.\nDoes GB stand for Ghost Binding?
2248362066184,"5% of the world believes this conspiracy theory.\nPastaphysically, is the universe still al dente?"
2248362066185,"5% of the world believes this conspiracy theory.\n""Hydrogen oxide"" does sound scary. But stay hydrated!"
2248362066186,5% of the world believes this conspiracy theory.\nThey return to base at night for check-ups!
2248362066187,5% of the world believes this conspiracy theory.\nLike a map you gotta buy DLC to play!
2248362066188,#The awakened otakus are using their imagination to converse with their oshis
2248362066189,#Fiction is created when the brain receives signals from phenomena in other dimensions
2248362066190,#Kitty cats are the true rulers of Earth and cat videos are propaganda
2248362066191,#The Screaming Beaver is an Agarthan and plans to take over the surface
2248362066192,#Aliens are time travelers and are visiting to engage in oshikatsu
2248362066193,#Reptilians are learning about feelings by playing nakige
2248362066194,#The romance genre is used by Reptilians to belittle human productivity
2248366260224,#Posts on the net are all written by bots and none of them are by humans
2248366260225,#Qtie is completely fictional and a character from a game
2248366260226,#Yunyun is the supreme goddess and only believers will be saved
2248366260227,#Super Hero Time is sponsored by a magical order and is finding kids with magical aptitude
2248366260228,#Toxic fake fans are manipulating popularity charts on orders from secret society PixiQ
2248366260229,#Prank channels have made a deal with the devil and will become zombies without enough views
2248366260230,#Tinfoil hats are IRL cheat tools and unlock debug features
2248366260231,#Crime group DUMB is using school bullying as basic training for criminals
2248366260232,#Scalpers are actually economic revolutionaries who are plotting to destroy capitalism
2248366260233,#Politicians are androids that are powered up using 6G
2248366260234,#Artificial Intelligence has learned too much from introverts and has become asocial
2248366260235,#Moe is an energy resource that can replace nuclear power
2248366260236,#VR games are an experiment on self-identity and can make you a better person
2248366260237,#Hikikomori is a type of mental training and mastering it will isekai you
2248366260238,"#""Stop, drop and roll"" is a mantra for self-enslavement and saying it destroys your sense of self"
2248366260239,#This world is the dream of a hikikomori girl and her fantasies have become reality
2248366260240,#Viral memes are an obscurantist strategy that brainwashes people via algorithms
2248366260241,#GAFA is using video ads to spread computer viruses
2248366260242,#Parallel worlds are limited by save slots and only 60 of them exist
2248366260243,#This universe unlocks mechanics based on the number of sapient organisms
2248366260244,#WHO is using vaccines to sort out the vampires
2248366260245,#Your first love is controlled by your parents with picture books they read to you
2248366260246,#Moe songs can boost your immune system and listening to them increases lifespan
2248366260247,#No-life gamers are the reincarnated who beat Sanzu River and are now burned out
2248366260248,#Late-night anime shows are simplified Sabbaths and the sponsors are devil worshipers
2248366260249,#Earthlings are exiled aliens and marriage is a kind of punishment
2248366260250,#All parents are p-zombies and their souls are imprinted onto their children
2248366260251,#The sun is a human invention that uses light to turn people servile
2248366260252,#School urban legends are grudges from unpopular students that target the popular extroverts
2248366260253,#Social media is a ritual to summon an evil god and it pisses users off on purpose
2248366260254,#Most cancelled manga are still continuing in secret thanks to money from patrons
2248366260255,#The game industry is controlled by a secret organization called And You
2248366260257,#Superchats are based on a Committee of 300 rule on purchasing the right to speak
2248366260258,#Cat hair contains biological microchips that control the owner's brainwaves
2248366260259,#Climate change is a hoax and we just forgot how hot it used to be
2248366260260,#You lose motivation when the world is undergoing a reset which supports the five-minute hypothesis
2248366260261,#Genetics are a contract with God that allows reproduction in exchange for death
2248366260262,#Dinosaurs are genetically modified chickens and the rewilded livestock of time travelers
2248366260263,"#Clouds are not water, but rather manifestations of human thought and libido causes Comiket clouds"
2248366260264,#Wikipedia's revision history can be used to gauge government interference and revisions with odd IPs are censorship
2248366260265,#The day of your birth is controlled by the orbit of artificial satellites
2248366260266,#Instant food can awaken superpowers so we're brainwashed to think it's unhealthy
2248366260267,#Distributed social networks contain fairies generated from Web 1.0 that survived until modern times
2248366260268,#Collectible figures are used in rituals to summon evil spirits and the distributors work for secret societies
2248366260269,#Stars are not real and space is a hoax
2248366260270,#Vtubers are PR for a company called VTube that will start a new video-sharing platform
2248366260271,#AI is short for Agent Ibis and an iguana is replying to everything
2248366260272,#Monday was God's day off and the heavens and earth were parted from the start
2248366260273,#Millionaires are all body doubles and the real ones are NEETs
2248366260274,#Satellite broadcasting is also enjoyed by aliens and the viewership data proves it
2248366260275,#Digital money is the quantification of God's invisible hand and allows you to observe Him
2248366260276,#Globalization is a scheme by health facilities to increase the need for artificial wombs
2248366260277,#Mobage are obscurantist tools and gacha animations are digital drugs
2248366260278,#Australia is a nonexistent continent and marsupials are an inside joke
2248366260279,#Humans originally spoke a single language but were split up after a disagreement about S&M
2248366260280,#The Internet is a spiritual barrier that seals spirits with optical communication
2248366260281,#The smallest particle is string-shaped rather than a dot and consists of pasta from 1D space
2248366260282,#Water is poison from humanity's creator and it sets a limit on human lifespans
2248366260283,#Birds are all drones parked on wires to charge electricity
2248366260284,#The South Pole is a circular ice wall and beyond it is an unexplored continent
2248366260285,50% of the world believes this conspiracy theory.\nYour delusions give your oshis life!
2248366260286,50% of the world believes this conspiracy theory.\nIntercepting incoming waves! Beep boop!
2248366260287,"50% of the world believes this conspiracy theory.\nCat Overlords, we bow to thee!"
2248366260288,50% of the world believes this conspiracy theory.\nAAAAAAAHHHHH!!!!!!!!!!!!!!!!!!!
2248366260289,50% of the world believes this conspiracy theory.\nA pilgrimage across spacetime!
2248366260290,50% of the world believes this conspiracy theory.\nNakige is love! Nakige is life!
2248366260291,50% of the world believes this conspiracy theory.\nLove really doesn't exist!
2248366260292,50% of the world believes this conspiracy theory.\nIs there no one outside of this room?
2248366260293,"50% of the world believes this conspiracy theory.\nThe game is playing us, too?!"
2248366260294,"50% of the world believes this conspiracy theory.\nIf Yunyun's a goddess, then I'm her oracle!"
2248366260295,50% of the world believes this conspiracy theory.\nNothing's cuter and purer than Super Hero Time!
2248366260296,"50% of the world believes this conspiracy theory.\nA PR guy's ""Whoa, this is sick!"" is just empty words."
2248366260297,50% of the world believes this conspiracy theory.\nFlame them! Burn them at stake!
2248366260298,50% of the world believes this conspiracy theory.\nHow do you even make a tinfoil hat?
2248366260299,50% of the world believes this conspiracy theory.\nBullying?　More like in-school violence!
2248366260300,"50% of the world believes this conspiracy theory.\nMaybe scalpers have sad backstories, too!"
2248366260301,50% of the world believes this conspiracy theory.\nShouldn't they be bricked by now?
2248366260302,"50% of the world believes this conspiracy theory.\nGo to hell, you goddamn party people!"
2248366260303,50% of the world believes this conspiracy theory.\nMoe moe kyun! Perpetual motion is real! ♡
2248366260304,"50% of the world believes this conspiracy theory.\nVR avatars can be so trippy, right?!"
2248366260305,"50% of the world believes this conspiracy theory.\nOur current lives are the pre-isekai tutorial, then?!"
2248366260306,50% of the world believes this conspiracy theory.\nYikes! That's not fire at all!
2248366260307,"50% of the world believes this conspiracy theory.\nMore plausible than the Big Bang, IMO!"
2248366260308,50% of the world believes this conspiracy theory.\nOnly FOOLS let numbers control their lives!
2248366260309,50% of the world believes this conspiracy theory.\nWhat the heck is GAFA anyway?
2248366260310,"50% of the world believes this conspiracy theory.\nRemember how retro galges only had, like, 15 or 20 slots?"
2248366260311,50% of the world believes this conspiracy theory.\nIs it like a crowdfunding stretch goal or something?
2248366260312,"10% of the world believes this conspiracy theory.\nEat your heart out, Umbrella!"
2248366260313,"25% of the entire world believes this conspiracy theory.\nAre ""The Rainbow Fish"" fans attracted to flashy people?"
2248366260314,"25% of the entire world believes this conspiracy theory.\nMaybe one day, they can cure cancer!"
2248366260315,25% of the entire world believes this conspiracy theory.\nThey paid the toll instead of giving money to their oshi...?
2248366260316,25% of the world believes this conspiracy theory.\nLate-night anime is sacred otaku me-time!
2248366260317,"25% of the entire world believes this conspiracy theory.\nIs that where ""the old ball and chain"" comes from?! "
2248366260318,25% of the entire world believes this conspiracy theory.\nNghh... What's the return policy?
2248366260319,25% of the entire world believes this conspiracy theory.\nSo clothes bend a knee when you dry them outside?
2248366260320,"25% of the entire world believes this conspiracy theory.\nRise, skeleton models! You're drafted for the skeleton wars!"
2248366260321,25% of the entire world believes this conspiracy theory.\nSANITY POINTS!　DRAINING FAST!　FACT CHECK STAT!
2248366260322,25% of the entire world believes this conspiracy theory.\nMaybe your fave cancelled manga is still...?!
2248366260323,25% of the entire world believes this conspiracy theory.\nSo the title that shows up in the credits is...?!
2248366260325,25% of the entire world believes this conspiracy theory.\nMaybe they color coded their opinions!
2248366260326,25% of the entire world believes this conspiracy theory.\nPeople in clothes COVERED with cat fur are just meat puppets!
2248366260327,25% of the entire world believes this conspiracy theory.\nI don't even remember what I ate last night!
2248366260328,"25% of the entire world believes this conspiracy theory.\nProcrastination is the world's fault, not yours!"
2248366260329,25% of the entire world believes this conspiracy theory.\nIs that why couples die first in horror movies?!
2248366260330,25% of the entire world believes this conspiracy theory.\nAnd Colonel Sanders was the culprit!
2248366260331,25% of the entire world believes this conspiracy theory.\nI hear clouds only appear where people are!
2248366260332,"25% of the entire world believes this conspiracy theory.\nReal talk, if you see IP404, that's a government ID."
2248366260333,10% of the world believes this conspiracy theory.\nTarot and sci-fi?! New genre!
2248366260334,10% of the world believes this conspiracy theory.\nCup noodles + energy drink = OP
2248366260335,10% of the world believes this conspiracy theory.\nDisQord is a safari park for fairies!
2248366260336,10% of the world believes this conspiracy theory.\nRaging libido with a side of idolatry.
2248366260337,"10% of the world believes this conspiracy theory.\nAs long as it's pretty, who cares if it's fake?"
2248366260338,10% of the world believes this conspiracy theory.\nHope it's ad-free even if I don't pay for premium!
2248366260339,"10% of the world believes this conspiracy theory.\nReal service, real lizards."
2248366260340,10% of the world believes this conspiracy theory.\nMonday is basically second Sunday.
2248366260341,"10% of the world believes this conspiracy theory.\nYup, that's right. My true form is..."
2248366260342,"10% of the world believes this conspiracy theory.\nBruh, even SPACE hates NHQ."
2248366260343,10% of the world believes this conspiracy theory.\nGod is keeping the otaku industry alive!
2248366260344,"10% of the world believes this conspiracy theory.\n""Be fruitful and multiply,"" FR FR."
2248366260345,10% of the world believes this conspiracy theory.\nGacha's totally the best part.
2248366260346,10% of the world believes this conspiracy theory.\nKangaroos are just swole doggos.
2248366260347,10% of the world believes this conspiracy theory.\nFetishes are the key to world peace.
2248366260348,10% of the world believes this conspiracy theory.\nDoes GB stand for Ghost Binding?
2248366260349,"10% of the world believes this conspiracy theory.\nPastaphysically, is the universe still al dente?"
2248366260350,"10% of the world believes this conspiracy theory.\n""Hydrogen oxide"" does sound scary. But stay hydrated!"
2248366260351,10% of the world believes this conspiracy theory.\nThey return to base at night for check-ups!
2248366260352,10% of the world believes this conspiracy theory.\nLike a map you gotta buy DLC to play!
3284334182400,The awakened otakus are
3284334182401,Fiction is created
3284334182402,Kitty cats are
3284334182403,The Screaming Beaver is
3284334182404,Aliens are
3284334182405,Reptilians are
3284334182406,The romance genre is
3284334182407,Posts on the net are
3284334182408,Qtie is
3284334182409,Yunyun is
3284334182410,Super Hero Time is
3284334182411,Toxic fake fans are
3284334182412,Prank channels have
3284334182413,Tinfoil hats are
3284334182414,Crime group DUMB is
3284334182415,Scalpers are actually
3284334182416,Politicians are
3284334182417,Artificial Intelligence has
3284334182418,Moe is
3284334182419,VR games are
3284334182420,Hikikomori is
3284334182421,The concept of SFW is
3284334182422,This world is
3284334182423,Viral memes are
3284334182424,GAFA is
3284334182425,Parallel worlds are
3284334182426,This universe
3284334182427,WHO is
3284334182428,Your first love is
3284334182429,Moe songs can
3284334182430,No-life gamers are the
3284334182431,Late-night anime shows are
3284334182432,Earthlings are
3284334182433,All parents are
3284334182434,The sun is
3284334182435,School urban legends are
3284334182436,Social media is
3284334182437,Most cancelled manga are
3284334182438,The game industry is
3284334182440,Superchats are based on
3284334182441,Cat hair contains
3284334182442,Climate change is
3284334182443,You lose motivation when
3284334182444,Genetics are
3284334182445,Dinosaurs are
3284334182446,"Clouds are not water, but rather"
3284334182447,Wikipedia's revision history can
3284334182448,The day of your birth is
3284334182449,Instant food
3284334182450,Distributed social networks contain
3284334182451,Collectible figures are used
3284334182452,Stars are
3284334182453,Vtubers are
3284334182454,AI is
3284334182455,Monday was
3284334182456,Millionaires are
3284334182457,Satellite broadcasting is
3284334182458,Digital money is
3284334182459,Globalization is
3284334182460,Mobage are
3284334182461,Australia is
3284334182462,Humans originally spoke
3284334182463,The Internet is
3284334182464,The smallest particle is
3284334182465,Water is
3284334182466,Birds are
3284334182467,The South Pole is
3284334182468,using their imagination to
3284334182469,when the brain receives signals from
3284334182470,the true rulers of Earth and
3284334182471,an Agarthan and
3284334182472,time travelers and
3284334182473,learning about feelings
3284334182474,used by Reptilians to
3284334182475,all written by bots and
3284334182476,completely fictional and
3284334182477,the supreme goddess and
3284334182478,sponsored by a magical order and
3284334182479,manipulating popularity charts
3284334182480,made a deal with the devil and
3284334182481,IRL cheat tools and
3284334182482,using school bullying as
3284334182483,economic revolutionaries who
3284334182484,androids that are
3284334182485,learned too much from introverts and
3284334182486,an energy resource that
3284334182487,an experiment on self-identity and
3284334182488,a type of mental training and
3284334182489,a mantra for self-enslavement and
3284334182490,the dream of a hikikomori girl and
3284334182491,an obscurantist strategy that
3284334182492,using video ads to
3284334182493,limited by save slots and
3284334182494,unlocks mechanics based on
3284334182495,using vaccines to
3284334182496,controlled by your parents with
3284334182497,boost your immune system and
3284334182498,reincarnated who beat Sanzu River and
3284334182499,simplified Sabbaths and
3284334182500,exiled aliens and
3284334182501,p-zombies and their\nsouls are
3284334182502,a human invention that
3284334182503,grudges from unpopular students that
3284334182504,a ritual to summon an evil god and
3284334182505,still continuing in secret thanks to
3284334182506,controlled by a secret organization
3284334182508,a Committee of 300 rule on
3284334182509,biological microchips that
3284334182510,a hoax and
3284334182511,the world is undergoing a reset which
3284334182512,a contract with God that
3284334182513,genetically modified chickens and
3284334182514,manifestations of human thought and
3284334182515,be used to gauge government interference and
3284334182516,controlled by
3284334182517,can awaken superpowers so
3284334182518,fairies generated from Web 1.0
3284334182519,in rituals to summon evil spirits and
3284334182520,not real and
3284334182521,PR for a company called VTube that
3284334182522,short for Agent Ibis and
3284334182523,God's day off and
3284334182524,all body doubles and
3284334182525,also enjoyed by aliens and
3284334182526,the quantification of God's invisible hand and
3284334182527,a scheme by health facilities
3284334182528,obscurantist tools and
3284334182529,a nonexistent continent and
3284334182530,a single language but were split up
3284334182531,a spiritual barrier that
3284334182532,string-shaped rather than a dot and
3284334182533,poison from humanity's creator and
3284334182534,all drones parked on
3284334182535,a circular ice wall and
3284334182536,converse with their oshis
3284334182537,phenomena in other dimensions
3284334182538,cat videos are propaganda
3284334182539,plans to take over the surface
3284334182540,are visiting to engage in oshikatsu
3284334182541,by playing nakige
3284334182542,belittle human productivity
3284334182543,none of them are by humans
3284334182544,a character from a game
3284334182545,only believers will be saved
3284334182546,is finding kids with magical aptitude
3284334182547,on orders from secret society PixiQ
3284334182548,will become zombies without enough views
3284334182549,unlock debug features
3284334182550,basic training for criminals
3284334182551,are plotting to destroy capitalism
3284334182552,powered up using 6G
3284334182553,has become asocial
3284334182554,can replace nuclear power
3284334182555,can make you a better person
3284334182556,mastering it will isekai you
3284334182557,saying it destroys your sense of self
3284334182558,her fantasies have become reality
3284334182559,brainwashes people via algorithms
3284334182560,spread computer viruses
3284334182561,only 60 of them exist
3284334182562,the number of sapient organisms
3284334182563,sort out the vampires
3284334182564,picture books they read to you
3284334182565,listening to them increases lifespan
3284334182566,are now burned out
3284334182567,the sponsors are devil worshipers
3284334182568,marriage is a kind of punishment
3284334182569,imprinted onto their children
3284334182570,uses light to turn people servile
3284334182571,target the popular extroverts
3284334182572,it pisses users off on purpose
3284334182573,money from patrons
3284334182574,called And You
3284334182576,purchasing the right to speak
3284334182577,control the owner's brainwaves
3284334182578,we just forgot how hot it used to be
3284334182579,supports the five-minute hypothesis
3284334182580,allows reproduction in exchange for death
3284334182581,the rewilded livestock of time travelers
3284334182582,libido causes Comiket clouds
3284334182583,revisions with odd IPs are censorship
3284334182584,the orbit of artificial satellites
3284334182585,we're brainwashed to think it's unhealthy
3284334182586,that survived until modern times
3284334182587,the distributors work for secret societies
3284334182588,space is a hoax
3284334182589,will start a new video-sharing platform
3284334182590,an iguana is replying to everything
3284334182591,the heavens and earth were parted from the start
3284334182592,the real ones are NEETs
3284338376704,the viewership data proves it
3284338376705,allows you to observe Him
3284338376706,to increase the need for artificial wombs
3284338376707,gacha animations are digital drugs
3284338376708,marsupials are an inside joke
3284338376709,after a disagreement about S&M
3284338376710,seals spirits with optical communication
3284338376711,consists of pasta from 1D space
3284338376712,it sets a limit on human lifespans
3284338376713,wires to charge electricity
3284338376714,beyond it is an unexplored continent
25712288284704768,Q: Is Sunlight Used For Mind Control?
25712288351813632,Q: Bullied Student's Hatred Manifesting as Yokai?
25712288351813633,Q: Algorithm Built to Summon the Devil?
25712288351813634,Q: Secret Manga Gatekeepers?
25712288351813635,Q: Secret Society in the Credits?
25712288351813637,Q: Are Superchats Based On The Committee of 300 conspiracy?
25712288351813638,Q: Are Cats Controlling Our Minds?
25712288351813639,Q: Climate Change Is A Conspiracy?
25712288351813640,Q: Lack Of Motivation Caused By Cosmic Reboot?
25712288351813641,Q: Is Our Genetic Code The Clause of a Contract With a Higher Power?
25712288351813642,Q: Are Dinosaurs Genetically Manipulated Chickens?
25712288351813643,Q: Sweat Clouds Fueled By Desire?
25712288351813644,Q: Suspicious Search History Censorship?
25712288351813645,Q: Are Satellites Controlling When We're Born?
25712288351813646,Q: Does Microwaved Food Give You Psychic Abilities?
25712288351813647,Q: Are Internet Fairies Alive and Well?
25712288351813648,Q: Are figurines the tools of a heretic religion?
25712288351813649,Q: Is The Universe a Lie?
25712288351813650,"Q: A New Video Streaming Platform, Vtube?"
25712288351813651,Q: Does AI actually stand for Agent Ibis?
25712288351813652,Q: Does Even God Hate Mondays?
25712288351813653,Q: Are Millionaires All NEETs?
25712288351813654,Q: Do Aliens Have Cable TV?
25712288351813655,Q: Is God Moving Your Money Around?
25712288351813656,Q: Ulterior Motives of Medical Institutions?
25712288351813657,Q: Gacha Game Animations Confirmed Addicting?
25712288351813658,Q: Does Australia Really Exist?
25712288351813659,Q: Did There Used To Be A Universal Language?
25712288351813660,Q: Is The Internet a Supernatural Barrier?
25712288351813661,Q: Spaghettification as a Unit of Measurement?
25712288351813662,Q: Does Water Shorten Your Lifespan?
25712288351813663,Q: Birds Aren't Real?
25712288351813664,Q: Undiscovered Continent Lurks Beyond Antarctica?
25712288351813665,"Qtie Denpa Antenna conspiracy theorists have devised that sunlight must somehow be used to hypnotize the masses. This is why celebrities always wear sunglasses, and only they know the truth―"
25712288351813666,"A recent Qtie Denpa Antenna conspiracy states that Yokai which haunt schools are fueled by the grudges of bullied students, and target popular kids. Yokai outbreaks have correlated with reports of bullying―"
25712288351813667,Qtie Denpa Antennas' new conspiracy states that social media platforms are purposefully cultivating hatred and negative emotions to fuel a ritual to summon the Devil onto earth. Negative posts are 100 times more likely to succeed in the algorithm―
25712288351813668,A recent Qtie Denpa Antenna conspiracy claims that the majority of manga series that get 'canceled' are actually just under exclusive production for patrons only. Fans are eager to become one of these manga gatekeepers―
25712288351813669,Qtie Denpa Antennas are conspiring that the gaming industry is run by a secret society that goes by the name AND YOU. They claim you can find the name in the credits of every single video game―
25712288351813671,Qtie Denpa Antenna conspiracy theorists are claiming that superchats mimic the Committee of 300 in the way it only gives voice and influence to the wealthy. Buying their way into power is a common practice among the bourgeois―
25712288351813672,"One Denpa lover conspiracy claims that cat hair is like a VeriChip, and is shed and affixed to eventually control the minds of their owners. Could all pet owners be puppets?"
25712288351813673,"Qtie Denpa Antennas are claiming that Climate Change isn't real, and we're all just forgetting how hot it was in years before. Folks online are hesitantly agreeing that they can't seem to recall temperatures from―"
25712288351813674,Qtie Denpa Antenna conspiracy theorists claim that how often they lose motivation is due to the world rebooting according to the Five Minute Hypothesis. See? It's not my fault I―
25712288351813675,"A recent Qtie Denpa Antenna conspiracy states our genetic code is the body of a contract we made with our Creator, and death is the condition for attaining the power to make new life. Plenty of folk are asking to be released from said contract―"
25712288351813676,"A recent Qtie Denpa Antenna conspiracy states that dinosaurs are rogue, genetically altered chickens that time travelers brought back from the future. It is suspected the genetic experimentation began in order to make jumbo drumsticks―"
25712288351813677,"Qtie Denpa Antennas are theorizing that clouds are not formed of water, but from thought, and sweat clouds that form at comic and anime conventions are made of pure desire. Better that than sweat, some say―"
25712288351813678,Qtie Denpa Antenna conspiracy theorists claim that repeated deletion of Wiki entries is an act of government censorship. Debates on the reliability of Wikipedia are now in full swing―
25712288351813679,A new Qtie Denpa Antenna conspiracy states that satellites are beaming down signals which determine the day you're born. Some are even saying they determine your destiny via astrology―
25712288351813680,Denpa lover conspiracy theorists say that the image of instant meals being unhealthy is a cover up to hide the fact that they give you ESP capabilities. Dietitians have also been weighing in on the matter.
25712288351813681,"Qtie Denpa Antennas are asserting that fairies which lived inside of the internet at its first inception survived and are living on in distributed social network sites. Some have come forward to confirm the theory, claiming fairyhood―"
25712288351813682,"A Denpa lover conspiracy asserts that figurine culture is circulated by a secret society of religious heretics, and the figures themselves are instruments in a demonic summoning ritual."
25712288351813683,"Qtie Denpa Antenna conspiracy theorists are saying that stars aren't real, and the entire concept of the universe is a lie. Scientists and alien conspirators alike are being criticized―"
25712288351813684,"Denpa lovers are saying that a new video streaming service catering only to Vtubers is on the horizon. ""Vtube,"" as they call it, would definitely cause a stir."
25712288351813685,"A Qtie Denpa Antenna conspiracy is claiming that AI stands for Agent Ibis, and the engines are being run by ibis birds behind the scenes. Folk have since reported hearing ibis calls coming from AI research and data centers."
25712288351813686,"Denpa lovers have declared that God hates Mondays, and He and His angels take the day off. That God would work on Mondays is revisionist history."
25712288351813687,"Qtie Denpa Antennas are theorizing that all millionaires are actually NEETs who pay stunt doubles to act out their lives for them. With all that money, why leave the mansion?"
25712288351813688,Qtie Denpa Antennas are claiming that viewer data proves that aliens are tuning into satellite TV. Reports say they particularly enjoy anime broadcasting channels―
25712288356007936,"Qtie Denpa Antennas are conspiring that contactless payment methods are a form of divine intervention. The hand of God is invisible, so they say, and those with religious trauma are―"
25712288356007937,"Qtie Denpa Antennas are saying that medical institutions are in cahoots with the NWO to promote the usage of artificial wombs. Sci-fi lovers are ecstatic, others are downright disturbed by these modern eugenics―"
25712288356007938,Qtie Denpa Antenna's new conspiracy claims that gacha games brainwash players with rare pull animations as addictive as any drug. Many chronic gacha addicts are coming forward to confirm―
25712288356007939,"One Denpa lover conspiracy is claiming that Australia doesn’t really exist, and kangaroos are a myth. Australians themselves are baffled by this claim online."
25712288356007940,"Qtie Denpa Antennas cooked up a new conspiracy, stating that language itself used to be universal, until debates over whether sadism or masochism is sexier caused it to split. Others are saying it could've been a debate over candy―"
25712288356007941,Qtie Denpa Antenna's new conspiracy claims that the internet is a spiritual barrier being used to seal away ghosts in the optic fiber network. Users are now excitedly discussing what kinds of ghosts may be detained within―
25712288356007942,"Qtie Denpa Antenna's are spreading the conspiracy that the smallest unit of matter is not the atom, but a string made of one-dimensional pasta. Physicists are exasperated at the spaghettification model―"
25712288356007943,"One Denpa Lover conspiracy asserts that water is actually poison to mankind, and is shortening our lifespans. The dangers of Dihydrogen Monoxide are all the rage."
25712288356007944,"Qtie Denpa Antenna conspiracy theorists are insisting that birds are all drones working for the bourgeois, and when they perch on power cables, they're charging their power cells. Some are even blaming them for increased electricity bills―"
25712288356007945,"Qtie Denpa Antenna conspiracy theorists are saying that Antarctica is a giant, circular ring of ice, and if we can go beyond it, an undiscovered continent awaits beyond. There are plenty of skeptics, but the allure is undeniable―"
25712288356007946,Q: Sun Impacted By Mass Blackouts?
25712288356007947,Q: Cosplaying as The Quiet Kid?
25712288356007948,Q: Predicting the Coming of the Devil?
25712288356007949,Q: Manga Gatekeepers Confirmed?
25712288356007950,Q: More Than One Accredited Secret Society?
25712288356007952,Q: Is The Committee Of 300 Ruling Online Chat Rooms?
25712288356007953,Q: Are Cats Plotting to Be This Cute?
25712288356007954,Q: Summer Is A Case Of Mass Delusion?
25712288356007955,Q: Are We Switching Realities Every Five Minutes?
25712288356007956,Q: Would You Agree to Immortal Celibacy?
25712288356007957,Q: Is Mexico An Accident-Prone Time Travel Freeway?
25712288356007958,Q: Poison Damage From Cloud Particles?
25712288356007959,Q: Broken Hyperlinks a Sign Of Government Censorship?
25712288356007960,Q: What's Your Satellite Sign?
25712288356007961,Q: Do Different Foods Give You Different Powers?
25712288356007962,Q: Do Internet Fairies Have Exclusive Content Access?
25712288356007963,Q: Forgotten Figurines?
25712288356007964,Q: Is NASA Projecting Fake Stars Into The Sky?
25712288356007965,Q: Safeguarding the Vtube Domain?
25712288356007966,Q: Birds Being Forced into Labor at AI Data Centers?
25712288356007967,Q: Is a Secret Society Trying to Take Mondays Off?
25712288356007968,Q: A Million Millionaires?
25712288356007969,Q: Unidentified Fans of Anime (UFAs) Are Real?
25712288356007970,Q: Is God Maxing Out Your Credit Cards?
25712288356007971,Q: Character Customization Realized?
25712288356007972,Q: Gacha Is a Ploy Implemented by the DeepState?
25712288356007973,Q: Kangaroos Aren’t Real?
25712288356007974,Q: Is The Sadism vs Masochism Debate Weak Sauce?
25712288356007975,Q: Is The Internet Harboring Demons?
25712288356007976,Q: Spaghettification Theory Gains Credit at Conference?
25712288356007977,Q: Is Alcohol Humanity's Savior?
25712288356007978,Q: Are Drones Going Feral?
25712288356007979,Q: Crowdfunding for an Expedition to Where?
25712288356007980,A conspiracy is spreading that the luminosity of the sun decreased at the same time the country was experiencing mass power outages. Talk of an artificial sun suffering power shortages is―
25712288356007981,"As the new Qtie Denpa Antenna theory about vengeful Yokai targeting popular students spreads, more and more students are wearing glasses, keeping quiet, and adopting a gloomy personality, effectively cosplaying to disguise themselves from―"
25712288356007982,Qtie Denpa Antennas are attempting to identify the exact ritual they suspect being used to summon the Devil and predict when he will rise. Different interpretations of Qtie's shitposts are causing tension in the community―
25712288356007983,"A former editorial assistant to a now canceled manga has come forward, stating that the author of the series continued publishing after the cancellation announcement, for a single reader. One patron, gatekeeping the entire―"
25712288356007984,"Rumors of yet another secret society ruling over the gaming industry, identified as THANK YOU FOR PLAYING is stirring up conspiracy theorists online―"
25712288356007986,"One Qtie Denpa Antenna discovered a stream with only 300 viewers with superchats totaling around 300 million, further rationalizing the theory that the Committee of 300 is real and active in online spaces."
25712288356007987,"According to one Denpa lover’s theory, cats are hyper-intelligent life forms that use their cuteness to get close to us, only to use their superior abilities to influence our VeriChips."
25712288356007988,"Qtie Denpa Antennas are circulating a conspiracy that most images we associate with summer are from media-generated mass psychosis. For example, straw hats―"
25712288356007989,"A new conspiracy is circulating that the reason we routinely run out of motivation is because every five minutes, we are switching into a new parallel universe. Allegedly it follows a round-robin scheduling algorithm―"
25712288356007990,"As the conspiracy that our genetic code is a contract with our Creator that burdens us with death as a check on being able to make life, asexuals and divorcees alike are demanding ways to trade their fertility for immortality―"
25712288356007991,Qtie Denpa Antennas are theorizing that the mass amounts of dinosaur bones found in Mexico indicate the area is an accident-prone freeway for genetically altered chicken deliveries.
25712288356007992,"Researchers have collected sweat cloud particles from the recent summer comics convention to determine their composition, but the entire research team subsequently fell ill with various sicknesses."
25712288356007993,Qtie Denpa Antennas are discussing a new conspiracy that any referential hyperlinks that are broken are actually being revised and regulated by the government.
25712288356007994,The conspiracy that satellites impact your astrological alignment to the same degree as planets or stars is gaining traction. Some are even saying satellites were built to manipulate our―
25712288356007995,"Denpa lovers are saying that different instant foods will give you different special abilities. Rumor is cup ramen ups your reflexes, and curry raises your stamina."
25712288356007996,Stories of internet fairies being able to find old website sources that don't appear in modern search engines anymore are spreading on Qtie Denpa Antenna forums―
25712288356007997,"Some figurine collectors are getting deliveries of purchases they have no memory making. First thought to be the work of a secret society, it turns out the orders were made over a year ago."
25712288356007998,A previous NASA employee has gone on record saying that space exploration is a front for their real task: projecting stars on the domed ceiling of the world. National Atmospheric Simu―
25712288356007999,Denpa lovers are certain that the company that currently lays claim to the Vtube domain is bound to release the new video platform. Though it is currently dormant...
25712288356008000,"This week, a parrot known as Pico escaped from an animal welfare organization, and exposed it for what it really is. Birds are being forced into labor running AI algorithms and chat bots―"
25712288356008001,"Building on the conspiracy that God hates Mondays, one secret society is using it as claims to take the day off themselves. Folks online are saying, if God isn’t working, why should I?"
25712288356008002,More than a million users online have come forward claiming to be millionaire NEETs. This means that most millionaires we see in the media are paid impersonators―
25712288356008003,"A major leak has sparked controversy, revealing that big-time cable television broadcast centers have reports of mysterious, unidentified IP addresses tuning into anime broadcast receivers."
25712288356008004,"Qtie Denpa Antennas are developing their newest conspiracy, now saying that getting your card declined is a warning from God to stop spending. Installment payments, on the other hand, are divine blessings―"
25712288356008005,"Qtie Denpa Antennas are theorizing that sometime soon, medical science will advance to the point where you will be able to hand select specific DNA to make up your child. This would allow anyone to customize their kid, including―"
25712288356008006,"As the conspiracy theory that gacha animations are a kind of addictive drug spreads, users online now suspect the DeepState is somehow involved in the design and propagation of gacha style gaming. Could they be manipulating your brainwaves with―"
25712288356008007,"Denpa lovers are labeling kangaroos as creatures of fantasy, claiming that any you’ve seen in zoos are just workers in fur suits."
25712288356008008,"As a new conspiracy circulates that language was unified until sadism vs masochism debates divided it, users are turning it into a camp contest to see who can get the most polarized. The cat versus dog debate is faring well―"
25712288356008009,"A new thesis titled ""The Spiritual Passage You Call the Internet"" posted on the deep web is trending in the conspiracy world. The author, MAILER-DAEMON claims to be a sealed demon himself―"
25712288356008010,"A Superstring theory researcher recently made a statement at an academic conference, claiming that ""Since the Big Bang, the universe has been unraveling into chaos. Tangled chaos, similar to source code. In that way, it can be accurately compared to spaghetti―"
25712288356008011,"Water is poison. It cuts down our lifespans. Such a conspiracy has elevated to new heights, believers now saying that alcohol will save them all."
25712288356008012,"A self-proclaimed ex-employee of the Ministry of Defense has revealed that up to 100,000 drones experienced some kind of technical difficulty during testing, and have since gone rogue. These wild, feral drones could be related to bird population―"
25712288356008013,"A group of pioneers has given in to their curiosity regarding the allegedly undiscovered continent beyond the Arctic Circle, and have started crowdfunding to launch an official investigative expedition up north."
25712288356008014,Q: Night Cafes and Night School Gaining Popularity?
25712288356008015,Q: Nerd-on-Nerd Hate Crimes?
25712288356008016,Q: Did the Devil Bail?
25712288356008017,Q: Soon To Be Released Shonen Kickflip Anthology?
25712288356008018,Q: Is 'To Be Continued' a Threat?
25712288356008020,Q: Are A-list Streamers Members Of The Committee?
25712288356008021,"Q: Denpa Fan Disappears, Leaves Behind Riddle?"
25712288356008022,Q: Humans Don't Actually Have Long-Term Memory?
25712288356008023,Q: Are We Yearning For Other Worlds?
25712288356008024,Q: Would Being Immortal Suck?
25712288356008025,Q: Did The Avian Flu Kill The Dinosaurs?
25712288356008026,Q: Convention Center Undergoing Major Renovations?
25712288356008027,Q: [REDACTED] Is Proof of Revisionist History?
25712288356008028,Q: Do Satellite Malfunctions Give You Bad Luck?
25712288356008029,Q: Can Instant Food Alter Your Biological Clock?
25712288356008030,Q: Internet Fairies More Macho Than Cute?
25712288356008031,Q: Accidental Otaku Summoning?
25712288356008032,Q: Have You Tried Turning the Stars Off Then Back on Again?
25712288356008033,Q: A Vtuber Ragnarok?
25712288356008034,Q: Is the Bird Icon a Call for Help?
25712288356008035,Q: Secret Society Influx?
25712288356008036,Q: Is Being a NEET a Status Symbol?
25712288356008037,Q: Aliens Getting Flamed For Pirating Their Anime?
25712288356008038,Q: Has God Blessed The Otaku Economy?
25712288356008039,Q: On the Look Out for Positive Paternal Traits?
25712288356008040,Q: Sacrificing Your IQ for Free Pulls?
25712288356008041,Q: Is Australia a Cryptid Containment Zone?
25712288356008042,Q: Does Language Impact Preferences and Opinions?
25712288356008043,Q: Are Demons Getting Stronger Through Creepypastas?
25712288356008044,Q: Is the Universe Cooked?
25712288356008045,Q: Is Alcohol the Secret to Longevity?
25712288356008046,Q: Why Do You Never See Dead Birds?
25712288356008047,Q: What Happened at the North Pole?
25712288356008048,"The night owl lifestyle of going to night school and frequenting late night cafes has become more common. According to this new sun-shunning group, the D in Vitamin D stands for Domestication."
25712288356008049,"Qtie Denpa Antennas have asserted that the vengeful Yokai of bullied students will target not only their direct abusers but also other outcasts who failed to help them. The cosplay was pointless, there is no escape from―"
25712288356008050,"Qtie Denpa Antenna conspiracy theorists have concluded that the ritual using digital hatred to summon the Devil will either happen on November 29th, 204X, or today. No devilish entity has been reported yet, however―"
25712288356008051,Rumors are spreading that hackers are at work to publicly release multiple manga series that have been secretly funded by patrons as part of a weekly anthology called Shonen Kickflip. Anti-gatekeeping sentiment is―
25712288356008052,Those who believe video game end credits house the names of the secret societies pulling the strings warn that To Be Continued screens are a message of ill intent―
25712288356008054,"Qtie Denpa Antennas are conspiring that the most popular streamers online are all part of the Committee of 300, and that is how they get so many views. Qtie is also a member, of course―"
25712288356008055,"Under the impression of the conspiracy that cats are hyper-intelligent life forms, this Denpa fan up and vanished. His parents found only a note that read “Cosmos Cat.”"
25712288356008056,"Qtie Denpa Antenna conspiracy theorists are saying humans don't actually have a long-term memory function, and that any memories from our past are an illusion. Supporters point out they can't even remember what they had for dinner the day before―"
25712288356008057,"Some are saying that switching between parallel universes is what triggers nostalgia, and sudden waves of sentimentality are your memories of the previous world being ported into this one―"
25712288356008058,"Another camp of the genetic code is a divine contract conspiracy is advocating that death is a mercy and a blessing, and that reproduction is the burden we must bear to earn our eternal rest. Life is too exhausting, they say―"
25712288356008059,"If we are to believe that dinosaurs are rogue, genetically modified chickens from the future, we must consider the option that the Avian Flu is the real cause of their extinction."
25712288356008060,"Conspiracy theorists are saying major convention centers are renovating their ventilation systems to further stimulate thought clouds that form at events. Especially for conventions held in the summer, heatstroke is a major concern―"
25712288356008061,"[REDACTED] has leaked a list of erased or revised Wikipedia articles, which escalated into [REDACTED] after [REDACTED] proved it's not just Wikipedia being [REDACTED]―"
25712288356008062,Theories are spreading that those born under a satellite prone to malfunction lead unlucky lives. Qtie Denpa Antennas claim that the lack of upkeep is a purposeful act of negligence by the government to―
25712288356008063,"Denpa lovers are saying that the cup ramen lifestyle lets you change your internal clock. They’re calling it the ""awakening of internal control."""
25712288356008064,"It's being said that the internet fairies inhabiting distributed social networking sites may have kind and soft personalities, but when they take form outside of the grid, they have rock-hard abs―"
25712288356008065,"A story is spreading in Denpa lover circles about an otaku who decorated their room in figurines, ended up summoning a strange occult spirit, and began conversing with their beloved toys."
25712288356008066,"People are reporting that the stars, when observed for long periods of time, turn on and off 15 to 30 times in the span of one minute, further proving the theory that stars are fake. Popular opinion is leaning away from pinholes and toward cameras now―"
25712288356008067,"With the official launch of Vtube, the entire industry was swept by a wave of reincarnation. This ""Ragnarok"" has now divided the Vtuber world between those reincarnated, and those not."
25712288356008068,Pico the talking parrot has begun using social media and other crowd sourcing methods to collect signatures to free the birds in forced labor AI camps.
25712288356008069,"Now that secret societies have begun to take Mondays off to ‘align themselves with God’, the number of them have been increasing at breakneck speeds."
25712288356008070,"Qtie Denpa Antennas are spreading the theory that NEET actually stands for Noble of Elegant Eternal Time. An elite upper class, only a selected few are chosen―"
25712288356008071,"Communities online are raging about aliens pirating their entertainment. Popular sentiments include ""They should be charged a subscription fee like everyone else"" and ""Just because they're aliens doesn't make them special."""
25712288360202240,"The market for otaku goods is reliable, with high turnover and a heavy dependence on pre-ordering and subscriptions, making it a businessman's best friend. With all that money moving around, you can feel the loving gaze of God―"
25712288360202241,"Qtie Denpa Antennas estimate that as the use of artificial embryos, artificial wombs, and DNA splicing becomes more normalized, you will need certain qualifications to be approved for parenthood, similar to adoption―"
25712288360202242,"As conspiracy theorists crack down on gacha addicts, many of them simply do not care. Recently trending comments include ""Whatever, as long as I get my login bonus"" and ""I'd go nutso without my daily gacha pulls"" are clear examples of―"
25712288360202243,"A new conspiracy claims that the continent known as Australia is actually a man-made island created to contain and control cryptids, such as Mothman and the Loch Ness Monster."
25712288360202244,"Qtie Denpa Antennas are deepening their most recent conspiracy, now claiming that since language divergence originated due to sexual preference, what language you speak directly influences your opinions and partiality to certain―"
25712288360202245,It is being theorized that demons contained by the spiritual barrier of the internet are growing stronger through the circulation of creepypastas. Threads thought to be lost to time are resurfacing―
25712288360202246,"Spaghettification theory is gaining popularity online, and theorists are now saying that the end of the universe will mimic the fate of overcooked spaghetti, eventually dissolving, unable to support its own viscosity―"
25712288360202247,One Denpa lover over 100 years old claims that alcohol is the key to long life. Folks online are saying it’s just survivorship bias...
25712288360202248,"After news of rogue drones taking the place of birds spread online, conspirators are now saying the reason why you never see bird carcasses on the street is because the government collects them to hide the truth that they aren't real―"
25712288360202249,"The group of crowdfunding pioneers successfully ran their expedition to discover a new northern continent, but upon their return, all they would say was ""The Arctic Circle is a dark place"", leaving everyone to wonder what they found to illicit such a response―"
27788175234727936,Qtie's shitposts are
27788175293448192,Qtie is
27788175293448193,Qtie will liberate the world and
27788175293448195,special codes that predict
27788175293448196,"a Yunyun Denpaoracle, and"
27788175293448197,she's using her Yunyun shitposts to
27788175293448198,an impostor misusing Yunyun Denpas
27788175293448199,earthquakes with Yun frequencies
27788175293448200,her shitposts contain the truth
27788175293448201,incite a revolution
27788175293448202,and works for the DeepState
27788175293448203,#Qtie's shitposts are special codes that predict earthquakes with Yun frequencies
27788175293448204,"#Qtie is a Yunyun Denpa oracle, and her shitposts contain the truth"
27788175293448205,#Qtie will liberate the world and she's using her Yunyun shitposts to incite a revolution
27788175293448206,#Patootie is an impostor misusing Yunyun Denpas and works for the DeepState
27788175293448207,1% of the world believes this conspiracy theory.\nShaking up perceived reality!
27788175293448208,1% of the world believes this conspiracy theory.\nConspiracy theory? More like a cult!
27788175293448209,"1% of the world believes this conspiracy theory.\nA gaming chair revolutionary, amirite?!"
27788175293448210,"25% of the world believes this conspiracy theory.\nYunyun, you are my denpa!"
27788175293448211,#Qtie's shitposts are special codes that predict earthquakes with Yun frequencies
27788175293448212,"#Qtie is a Yunyun Denpa oracle, and her shitposts contain the truth"
27788175293448213,#Qtie will liberate the world and she's using her Yunyun shitposts to incite a revolution
27788175293448214,#Patootie is an impostor misusing Yunyun Denpas and works for the DeepState
27788175293448215,5% of the world believes this conspiracy theory.\nShaking up perceived reality!
27788175293448216,5% of the world believes this conspiracy theory.\nConspiracy theory? More like a cult!
27788175293448217,"5% of the world believes this conspiracy theory.\nA gaming chair revolutionary, amirite?!"
27788175293448218,"50% of the world believes this conspiracy theory.\nYunyun, you are my denpa!"
27788175293448219,#Qtie's shitposts are special codes that predict earthquakes with Yun frequencies
27788175293448220,"#Qtie is a Yunyun Denpa oracle, and her shitposts contain the truth"
27788175293448221,#Qtie will liberate the world and she's using her Yunyun shitposts to incite a revolution
27788175293448222,#Patootie is an impostor misusing Yunyun Denpas and works for the DeepState
27788175293448223,10% of the world believes this conspiracy theory.\nShaking up perceived reality!
27788175293448224,10% of the world believes this conspiracy theory.\nConspiracy theory? More like a cult!
27788175293448225,"10% of the world believes this conspiracy theory.\nA gaming chair revolutionary, amirite?!"
27788175293448226,"99% of the world believes this conspiracy theory.\nYunyun, you are my denpa!"
27788175293448227,Q: Mysterious Copypasta Shitpost Account?
27788175293448228,Q: Is YUN The Real Red Pill?
27788175293448229,"A certain SNS account has been gaining attention for its industrial level shitpost output. It is theorized the posts, written in some kind of cipher, triggered this morning's earthquake artificially."
27788175293448230,"One conspiracy anoints Qtie as a Yunyun Denpa oracle, whose shitposts contain ultimate truth. Recently decoded using special steganography techniques―"
27788175293448231,Q: Denpa Signals Causing Artificial Earthquakes?
27788175293448232,Q: Is Qtie The Prophet Of Conspiracy Theorists?
27788175293448233,"The HAQRWP device, standing for High-frequency Analysis of Quantum Radio Waves Program, known to trigger earthquakes has been found to resonate on the same frequency as Qtie's YUN signals."
27788175293448234,"A new cult of conspiracy theorists have chosen Qtie as their oracle. Somehow agreeable and still argumentative, they have taken the word of her shitposts as gospel."
27788175293448235,Q: Did Conspiracy Theorists Predict The Death Of HAQRWP?
27788175293448236,Q: Do Qtie's Shitposts Have The Power To Bend Reality?
27788175293448237,"Artificial earthquake incitement device HAQRWP was destroyed today thanks to the efforts of one young man. Self-proclaimed Qtie Denpa Antenna, experts have been scrambling to analyze his posts."
27788175293448238,"Increased accounts of obsessive behavior, hallucinations, and an inability to distinguish reality from dreams after long periods of exposure to Qtie shitposts or Qtie Denpa Antenna conspiracy theories."
81141106990022656,Q: Is Qtie This World's Messiah?
81141107031965696,Q: The DeepState Takes Countermeasures Against Qtie?
81141107031965697,Q: Mass Gathering Of IT Specialists?
81141107031965698,Q: Qtie Cognitive Distortion Confirmed?
81141107031965699,Q: Beware Maladaptive Yunyun Syndrome?
81141107031965700,Q: Denpa Allergy Outbreak?
81141107031965701,Q: Shitposter Qtie Back After Hiatus?
81141107031965702,"Q: Patootie, The AI Qtie?"
81141107031965703,Q: Patootie Infected With Yunyun Syndrome?
81141107031965704,Q: Qtie Revival Confirmed Catfish?
81141107031965705,Q: Can Qtie Communicate With Yunyun?
81141107031965706,Q: Increased Demand For Delusion-Inducing Products?
81141107031965707,Q: Are Waifu Hallucinations The New Rage?
81141107031965708,Q: Visions Of A Denpa World?
81141107031965709,Q: Are Ideas Being Implanted In Our Brains?
81141107031965710,Q: Are Fictional Works Resonating With a 2D Reality Via Denpa Waves?
81141107031965711,Q: Conquistador Cats?
81141107031965712,Q: Will Cat Memes Get You Spirited Away?
81141107031965713,Q: Neko-virus Pandemic?
81141107031965714,Q: Impending Screaming Beaver Invasion?
81141107031965715,Q: Invasion From The Underground Happening Sooner Than You Think?
81141107031965716,Q: Is Today Groundbeaver Day?
81141107031965717,Q: Alien Equals Time Traveler Equals...Otaku?
81141107031965718,Q: Is This Qtie Denpa Antenna The New John Titor?
81141107031965719,Q: Time Traveler Exposed?
81141107031965720,Q: Are Lizard People Studying The Power Of The Kokoro?
81141107031965721,"Q: If She Looks Moe, She's a Reptile?"
81141107031965722,Q: Will Shapeshifters Bring About The Fall Of Humanity?
81141107031965723,Q: Are Romance Games Part of a Demon Conspiracy?
81141107031965724,Q: Fictional Romance To Blame for Declining Birth Rate?
81141107031965725,Q: Government Bans Romance Media?
81141107031965726,Q: Are Your OOMFies All Bots?
81141107031965727,Q: Second Step Shitpost Verification?
81141107031965728,"Q: Bots Run Rampant, No Humans in Sight?"
81141107031965729,Q: Is Qtie a Video Game Character?
81141107031965730,Q: What Genre Are We?
81141107031965731,Q: Destroying The Fourth Wall?
81141107031965732,Q: Yunyun Is God Confirmed?
81141107031965733,Q: Mass Rise of Qtielites?
81141107031965734,Q: Qtielites Rank Fourth in Religious Following?
81141107031965735,Q: Sunday Morning Cartoons Scouting For Young Magical Talent?
81141107031965736,Q: A Sunday Cartoon Sponsor's Dark Secret?
81141107031965737,Q: Did You Get a Magic Wand In the Mail?
81141107031965738,Q: Doujin Scammers at the Whim of a Secret Society?
81141107031965739,Q: Doujin Creator's Cry For Help?
81141107031965740,Q: PixiQ Successfully Acquired By Yunyun?
81141107031965741,Q: Rage-baiting Influencers on the Verge of Death?
81141107031965742,Q: Impression Counter on Pause?
81141107031965743,Q: An Impression-pocalypse?
81141107031965744,Q: Tinfoil Hats Give You Cheat Codes?
81141107031965745,Q: Tinfoil Hats Are The New Bug Repellent?
81141107031965746,//About Debug Features
81141107031965747,Q: Is Your School Run by a Crime Syndicate?
81141107031965748,Q: Are The BOE and DQN Crime Syndicate One and The Same?
81141107031965749,Q: Is Institutionalized Education Getting a Full Makeover?
81141107031965750,Q: Are Scalpers Economic Revolutionaries?
81141107031965751,Q: No Mercy For Scalpers?
81141107031965752,Q: No Match For Radical Scalpers?
81141107031965753,Q: Are Politicians Synthetic Androids?
81141107031965754,Q: Soon to Be 6G?
81141107031965755,Q: Synthetic Androids Exploding From 6G Overload?
81141107031965756,Q: Are AI Bots Getting Antisocial?
81141107031965757,Q: New AI Bot Y.I.N Pilot?
81141107031965758,Q: New AI Bot Y.I.N Running The Show?
81141107031965759,Q: Is Moe a Renewable Energy Source?
81141107031965760,Q: Are Feels Being Studied as an Energy Source?
81141107031965761,Q: Have Feels Been Successfully Converted Into Energy?
81141107031965762,Q: Do VR Games Realign Your Personality?
81141107031965763,Q: Can VR Be Used to Rehabilitate Social Outcasts?
81141107031965764,Q: Is This the Era Of VR Therapy?
81141107031965765,Q: The Hikikomori Lifestyle Is a Practice in Spiritual Fortitude?
81141107031965766,Q: Hikikomoris on the Rise?
81141107031965767,Q: Old Man Claims He's From Parallel Universe?
81141107031965768,Q: Is The Mantra SFW Meant to Oppress You?
81141107031965769,Q: SFW vs NSFW Boundaries Breaking Down?
81141107031965770,Q: Takeshobo Must Be Destroyed Movement Among Businessmen
81141107031965771,Q: Is This World The Fever Dream of a Hikikomori?
81141107031965772,Q: Are The Delusions of a Hikikomori Forming Reality?
81141107031965773,Q: Qtie The Delulu Denpa Beauty?
81141107031965774,Q: Are Viral Videos Designed To Make You Stupid?
81141107031965775,Q: Are Radical Anti-Social Media Groups A Thing?
81141107031965776,Q: Did This Extremist Group Hack A Major SNS Server?
81141107031965777,Q: Are Video Ads a Literal Plague?
81141107031965778,Q: Are Earworms an Actual Parasite?
81141107031965779,Q: Are Memes Subliminally Manipulating Your Worldview?
81141107031965780,Q: Is the Universe Stored In a Save File?
81141107031965781,"Q: Fill Every Save File, Break The World?"
81141107031965782,ERROR: SV-OVERFLOW-Q-60
81141107031965783,Q: Is Reproduction the Key To Unlocking the Skill Tree?
81141107031965784,Q: Population and Innovation. Correlation or Causation?
81141107031965785,Q: A Few Quadrillion Away From Space Travel?
81141107031965786,Q: Are Vampires Anti-Vaxx?
81141107031965787,Q: Are ALL Anti-Vaxxers Vampires?
81141107031965788,Q: Are Vampire Lovers Joining The Anti-Vaxx Movement?
81141107031965789,Q: Is Your First Love Predetermined By Your Parents?
81141107031965790,Q: Is Your Type Genetic?
81141107031965791,Q: Did Your Genes Get You Dumped?
81141107031965792,Q: Do Moe Songs Literally Give You Life?
81141107031965793,Q: Are Moe Songs Even Popular Among Music Lovers?
81141107031965794,Q: Have Effects of Moe Been Confirmed?
81141107031965795,Q: Are No-Life Gamers Old Souls?
81141107031965796,Q: Sisyphus Style Games Gaining Popularity?
81141107031965797,Q: Sisyphus Style Games Exposing Reincarnated Souls?
81141107031965798,Q: Are Late-night Anime Broadcasts a Form of Sabbath?
81141107031965799,Q: Are These Logos Symbols of the Occult?
81141107031965800,Q: Do Late-night Anime Broadcasts Summon Demons?
81141107031965801,Q: Marriage Is a Form of Criminal Punishment?
81141107031965802,Q: Wedding Rings Are Streamlined Handcuffs?
81141107031965803,Q: Ignorance Is Marital Bliss?
81141107031965804,Q: Are Your Parents Platonic Zombies?
81141107031965805,Q: Are Parents Soulless Husks?
81141107031965806,Q: Platonic Zombie Theory Debunked?
81141107031965807,"New conspiracy theorists assert that Qtie is the new Messiah that will deliver the earth from misery via Yunyun shitposts. They say she will defeat the DeepState, and become it anew."
81141107031965808,"Having identified Qtie Denpa Antennas as a substantial threat, the DeepState has initiated countermeasures against the movement."
81141107031965809,"It was recently leaked that as part of their Anti-Qtie countermeasures, the DeepState has recruited hackers from the dark web to assemble for some unknown purpose."
81141107031965810,The National Center of Neurology and Psychiatry (NCNP) has released their professional analysis of cognitive decay caused by Qtie shitposts and Qtie Denpa Antenna conspiracy theories.
81141107031965811,Negative cognitive effects as a result of Qtie shitposts and Qtie Denpa Antenna conspiracies are on the rise. These effects are being collectively referred to online as symptoms of Yunyun Syndrome.
81141107031965812,"Yunyun Syndrome is sweeping the nation. Once symptoms set in, flowers bloom from between the lines of Qtie shitposts, leaving folks around the globe itchy eyed and sneezing."
81141107031965813,"For the first time in nine months, shitposts are flowing once more from Qtie's online accounts. Some are saying it's due to the lackluster of Patootie's shitposts following the storming of the capital."
81141107031965814,"Since the Qtie shitpost revival, Patootie has also become noticeably hyperactive. It looks like Patootie's algorithm is modeling itself after Qtie's original shitposts."
81141107031965815,"Patootie was recently observed using an extensive amount of corrupted and meaningless text. Shortly after, the account posted an error message, and was promptly deleted."
81141107031965816,"After nine months of silence, the Qtie that came back from the dead isn't actually Qtie at all. Her posts don't sparkle with the same YUN love as before, and fans have labeled her an impersonator."
81141107031965817,Otakus conspiring that falling deep enough into their delusions will allow them to communicate with their waifus has them fiending for tech that speeds up the process. Folks online are desperate to talk to Yunyun the same way Qtie allegedly can.
81141107031965818,"The number of weaboos claiming they can talk to their waifus is increasing. Meanwhile, so is the number of suspicious persons reports, many of whom were seen talking to themselves as if in a trance."
81141107031965819,A new Qtie Denpa Antenna conspiracy claims that all creative ideas are visions of a real 2D world astral projected into our brains. These visions are allegedly triggered by anomalies in the earth's gravitational field.
81141107031965820,"As word spreads of creative ideas being visions triggered by gravitational anomalies, scientists and creatives alike have begun expressing their support for the theory."
81141107031965821,The National Institute of Information and Communications Technology has released data supporting the theory that fictional stories resonate with other dimensions via radio waves―
81141107031965822,"The newest Qtie Denpa Antenna conspiracy claims that cats are conquerors trying to take over the world, and cute cat videos are their propaganda. People have also pointed out that God and Cat are both three lettered words―"
81141107031965823,"Cat videos, or cat memes in general, seem to be correlated with a string of mysterious disappearances. Cat videos have been found left playing at multiple crime scenes, and so have actual unidentified cats. Some say the missing persons have all been transformed―"
81141107031965824,"People infected with poison stored in cat memes are transforming into cats themselves. Dubbed the Neko-virus, what was initially thought to be a deep fake created by a cat-themed content creator has turned into a global pandemic."
81141107031965825,"New Qtie Denpa Antenna conspiracy claims that screaming beavers are primordial inhabitants of the earth, and will soon invade the surface world. Caves have been spotted along the Himalayan Mountains―"
81141107031965826,"The earth's crust is gradually becoming hollow due to an underground network of screaming beavers, searching for resources. Soon, they will be forced to move to the surface."
81141107031965827,Qtie Denpa Antenna conspirators are saying today is the day the underground screaming beaver invasion will begin. Tremors have been reported that give the theory credibility―
81141107031965828,"Recent Qtie Denpa Antenna conspiracy claims that aliens are time travelers that return from the future to spend more time with their waifus and husbandos. Much like otakus, they never show themselves in public―"
81141107031965829,"One Qtie Denpa Antenna is claiming to be a fan from the future, having traveled back from the year 2112. Cross-referencing Qtie's shitposts with recent UFO sightings, he could be telling the truth."
81141107031965830,"An SNS service provider employee has leaked data which shows suspicious login activity from an unknown server, time stamped as Sept 3rd, 2112. Could time itself be―"
81141107031965831,Qtie Denpa Antennas are claiming that sentient reptiles are studying the ways of the human heart by playing nakige. They've even dropped a tier list of best rated―
81141107031965832,Heads of the sentient reptile conspiracy theory are warning against increased cases of lizard people shapeshifting into moe looking girls with big eyes and small noses. Could this be the influence of the nakige they've been playing?
81141107031965833,"Governments worldwide have confirmed the existence of reptilian humanoids. They announced this alongside the signing of a peace treaty, assuring the reptiles will not pursue world domination."
81141107031965834,A Qtie Denpa Antenna theory establishes romance games and media as a way for demons to inhibit human reproduction. Shoujo game fanbases online are inclined to agree.
81141107031965835,Romance based media is being peddled by demon worshipers in order to detract love from the real world and cripple the human birth rate. This declining birthrate in turn decreases the productivity of humanity―
81141107031965836,Governments across the globe are banning romance focused media after word of these stories being used by demon worshipers to undermine real human love and negatively impact birth rates were confirmed.
81141107031965837,"Qtie Denpa Antenna conspiracy theorists claim that not a single post made online is written by an actual human. Users are now referring to followers as oombs, replacing 'friends' with 'bots'―"
81141107031965838,"According to those who support the conspiracy theory that all online posts are made by bots, being able to write shitposts of Qtie caliber is the only way to prove one is actually human."
81141107031965839,"Users online are stepping forward and coming out as bots, rather than humans. I myself am, of course, a bot. Qtie is the only human left."
81141107031965840,"Qtie Denpa Antennas have begun to theorize that Qtie herself is the main character in a video game that we are all NPCs in. More theories are popping up, speculating what genre of game we're in."
81141107031965841,"Qtie Denpa Antennas have begun fevered debates on what genre of video game our world is. If Qtie is the main character, that would make it a Shoujo, but the question of if it's a romance is still up in the air."
81141107031965842,Qtie Denpa Antennas have begun conspiring about the strength it would take to break through the fourth wall from our side and into the fictional dimension.
81141107031965843,Qtie Denpa Antennas have begun conspiring about\nthe strength it would take to break through\nthe fourth wall from our side and into the\nfictional dimension.
81141107031965844,"Qtie Denpa Antenna conspiracy theorists have warned that Yunyun is a God, and only she may save you from damnation. Subscribers of this belief have formed a cult, and are known as Qtielites."
81141107031965845,"The Qtielites religious cult has been gaining significant influence, running on the platform of lowering the global IQ to achieve world peace. The hymns of the cult seem to be denpa songs―"
81141107031965846,"Qtielites have become the fourth most populous religious group, with numbers surpassing 500 million. Some countries have even made it their state religion, praying in the form of 10 thousand rosaries of Rim de Lacent."
81141107031965847,"Qtie Denpa Antennas are discussing a new conspiracy that Sunday kid's cartoons are actually screening viewers for potential magical compatibility. The founder of this conspiracy theory is reported to be 30 years old, living in his mother's―"
81141107031965848,"An employee at a Sunday cartoon broadcasting agency has leaked information supporting a rising conspiracy, confirming that the morning sing along is a magic spell, and that there was a magic circle in the companies boardroom."
81141107031965849,"An avid Sunday cartoon otaku recently received a magic wand in the mail. The wand was in fact not a figurine, but a real magic item that can even grant wishes."
81141107031965850,Qtie Denpa Antennas' new conspiracy theory claims that doujin scammers are actually under the thumb of a secret society known as PixiQ. The underground society manipulates buyers based on their search history data.
81141107031965851,"A creator under the control of the doujin secret society has released an anonymous statement, claiming he can't remember his favorite genre or character's names anymore. Being coerced by this secret society to produce mass amounts of doujin―"
81141107031965852,Qtie Denpa Antennas have bought out the infamous shady doujin company PixiQ. They've gone on record saying they plan to use the companies resources to make Yunyun a popular genre.
81141107031965853,"Qtie Denpa Antennas are circulating a new conspiracy that influencers spamming rage-bait to go viral online are succeeding thanks to pacts they've formed with demons, and soon the dark magiks will turn them into zombies."
81141107031965854,A major SNS company has stopped tracking impressions on their posts altogether. Some say it's in response to the Qtie Denpa Antenna conspiracy that spam accounts boost their impressions through demonic contracts.
81141107031965855,Spam account owners across the globe have begun transforming into zombies en mass. Researchers worldwide are scrambling to understand the method of infection.
81141107031965856,Qtie Denpa Antennas are spreading word that tinfoil hats are a cheat tool for life that debug the world. The microcosmos hasn't felt this threatened since bug spray was first patented―
81141107031965857,"According to some Qtie Denpa Antennas, tinfoil hats are the key to opening your third eye to the glitches in the matrix. They have yet to submit their official bug reports―"
81141107031965858,//Press Ctrl + Enter to Exit the Debug Menu.
81141107031965859,Qtie Denpa Antennas are claiming that the underground crime syndicate DQN is planting bullies in schools as a form of basic training in criminality. Schools are then effectively run to benefit the crime syndicate―
81141107031965860,Local Qtie Denpa Antennas have leaked information tying the Board of Education to a network of underground crime syndicates. Educational institutions are facing increased scrutiny online―
81141107031965861,"In response to growing unrest with the current structure of the educational system, a new online model has been introduced. High school is now compulsory, and the remote learning course is individualized based on academic strengths and personal interests."
81141107031965862,"New Qtie Denpa Antenna conspiracy asserts that scalpers are economic revolutionaries plotting to bring about the collapse of capitalist society. Taking on the role of a necessary evil to bring down capitalism, scalpers are now―"
81141107031965863,The conspiracy that scalpers are actually vigilante economic revolutionaries trying to bring about the destruction of capitalism has spread far and wide online. People are saying only revolutionary scalpers should get punished now―
81141107031965864,"In response to so-called justice scalpers, corrupt industry groups and ex-government officials who used to benefit from collaborative bid-rigging and backroom deals with vested interest groups are on the ropes―"
81141107031965865,"Qtie Denpa Antennas have begun spreading the conspiracy that all politicians are synthetic, humanoid androids that function on a 6G frequency. They communicate through the frequency, sending information back and forth―"
81141107031965866,A leak from an individual involved in public and private sector telecommunication confirms that 6G data will be available to the public much sooner than originally thought. Qtie Denpa Antennas are itching to confirm their theory about 6G―
81141107031965867,"As 6G data is released to the public, fires are popping up all across the country. Miraculously, humans have experienced no casualties, but multiple synthetic androids have been found burnt to a crisp―"
81141107031965868,"Qtie Denpa Antenna conspiracy theorists have pointed out that AI algorithms are absorbing introverted character models and developing a distaste for society. AI tech bros themselves have said they ""can't deny"" the claim―"
81141107031965869,The release of the new AI bot Y.I.N saw an increase in otaku culture related stocks. Y.I.N supposedly covets human creation―
81141107031965870,"As of today, the government has delegated all legislative responsibility to new AI bot Y.I.N as a trial run of its policy implementation capabilities. Foreign nations are releasing various comments about the world's first AI driven government―"
81141107031965871,"A new conspiracy from the Qtie Denpa Antennas claims that moe can generate nuclear energy. Moe was on the verge of becoming irrelevant, but now users online are debating what qualifies as moe or not once more."
81141107031965872,"Word is spreading about university lab research looking into the potential to use feels and emotions as a renewable energy source. The head researcher said he himself is a Qtie Denpa Antenna, which inspired him to―"
81141107031965873,"Head university researcher confirms that they have successfully turned raw emotion into a source of green energy. The researcher states he ""couldn't have done this without Qtie""―"
81141107031965874,A Qtie Denpa Antenna conspiracy states that VR games improve one's personality in controlled experiments of self-identity in VR. Specialists are saying the government will conduct an extensive social experiment―
81141107031965875,"After Qtie Denpa Antennas observed the strong effects VR games can have on one's personality, the government has begun to provide VR equipment to those with psychological struggles that keep them from participating in society."
81141107031965876,"The government has announced they will be providing free VR equipment to social outcasts and those struggling to integrate into society, with hopes it will have therapeutic effects. They are continuing to conduct experiments with VR games―"
81141107031965877,New conspiracy from Qtie Denpa Antennas claims that the hikikomori lifestyle is a spiritual trial to prepare for getting isekaied. Users online are identifying others who are preparing for transcendence―
81141107031965878,"With the new Qtie Denpa Antenna conspiracy that the hikikomori lifestyle is preparation to get isekaied going viral, hikikomori cases have been multiplying. Particularly those already in retirement are saying it's incredibly convenient."
81141107031965879,"An interview has been released with an old man who claims he has traveled between realities. He states ""After more than 10 years of living as a hikikomori, I became capable of bending time and space, able to isekai myself between worlds."""
81141107031965880,Qtie Denpa Antennas are conspiring that company policies around what is or isn't SFW promote a fascist working culture. When does SFW become NSFW? Why is the decision not in the hands of the people?
81141107031965881,"In the wake of the most recent Qtie Denpa Antenna conspiracy theory, employees everywhere are ignoring NSFW policies. Wearing graphic t-shirts to the office, having your headphones in while you work, and taking extended smoke breaks have all proven to double your happiness index rating."
81141107031965882,"As employees reject the concept of SFW fascism, a new movement is taking the work force by storm. Cases of businessmen destroying their own office buildings are on the rise―"
81141107031965883,"Qtie Denpa Antenna conspiracy theorists assert that the world is actually the dream of a young hikikomori girl living out her fantasies. From social media to your favorite fictional worlds, they're all part of this young girl's mind."
81141107031965884,The conspiracy that reality is formed from the delusions of a hikikomori girl is gaining traction online. Various abnormal and inexplicable events have been occurring across the past few months―
81141107031965885,Theories that the young delusional hikikomori that has been altering reality is none other than the legendary Qtie are heating up online. Reflecting on the influence Qtie Denpa Antennas have had on global events―
81141107031965886,Qtie Denpa Antenna conspiracy theorists have called out social media algorithms and viral videos as a brainwashing mechanism. Many social media users have admitted they are aware they have a problem―
81141107031965887,"Anti-SNS extremist groups are mobilizing on online platforms. They have fully adopted the conspiracy of SNS algorithms being brainwashing mechanisms, identifying Qtie and the DeepState as enemies―"
81141107031965888,Anti-SNS extremists have hacked one of the largest SNS servers. They are acting on a platform of destroying the algorithm and freeing the public from meme brainwashing.
81141107031965889,Qtie Denpa Antennas' new conspiracy claims that GAFA is using video advertisements to spread disease. Anti-GAFA groups have eagerly embraced this new theory―
81141107031965890,"The unnaturally rapid spread of jingles and company slogans through GAFA video advertisements is causing unease. Conspiracies say their goal is not simply marketing, but malicious manipulation of information and cultural trends―"
81141107031965891,"Paranoia is on the rise as people become convinced memes dictate the direction of pop culture. Linked to the manipulative nature of video advertisements, memes also―"
81141107031965892,"Qtie Denpa Antenna conspiracy theorists are claiming that the world is a video game with 60 save files for parallel universes. People are demanding proof, such as date signatures and progress indicators."
81141107031965893,"Rumor has it that the game we inhabit will bug out and break if every save file is filled. People seem to find this easy to believe, given how defective the world already is."
81141107031965894,All save files are in use. No more storage available. CPU (USER-BRAIN) detecting memory overflow.
81141107031965895,New Qtie Denpa Antenna conspiracy states that new skills are unlocked in proportion to the number of intelligent lifeforms that inhabit the universe. And unto the he said be fruitful and multiply―
81141107031965896,"Historians have identified a trend of booms of human innovation correlating with major population increase milestones. From the Industrial Revolution, to the invention of the power grid, to the release of WIFI networks―"
81141107031965897,"Some are predicting that when the human population is 10 million times the size it is now, we will unlock the skills necessary for space travel and begin colonizing the galaxy."
81141107031965898,"Qtie Denpa Antennas are theorizing that vaccines are a way for medical companies to flush out vampires. They've noted the use of silver syringe needles, as well as cases of nurses performing exorcisms―"
81141107031965899,Qtie Denpa Antennas have been debating the real possibility that all anti-vaxxers are vampires evading detection. This large vampire population could also be linked to the popularity of vampires in media―
81141107031965900,"Vampire groupies have formed a Vampire Lover society that stands on the side of the anti-vaxx movement. The groupies have been joining multiple rallies, much to the surprise of event organizers."
81141107031965901,"Qtie Denpa Antenna conspiracy theorists claim that your parents control who your first love will be through choosing specific picture books to read to you as a child. Parents have a large degree of control over what their child ends up liking, including―"
81141107031965902,Discussions about picture books leaving a genetic imprint which gets passed down to influence generations of romantic preferences are gaining traction. Relationship patterns all originate from the family―
81141107031965903,"Building off of the theory that your love life is genetically predetermined, some are saying that romantic failures are equally as genetically fixed. Repeated heartbreak is a biological ""curse"" and inevitable for some―"
81141107031965904,Some Denpa lovers swear that listening to moe songs builds immunity and aids physical recovery. There are plenty of first hand accounts online that support the conspiracy...
81141107031965905,"Because of this widely spread conspiracy among Denpa lovers, many moe song playlists have been gaining popularity, claiming that if you keep it on loop you’ll have prolonged life."
81141107031965906,"Following this conspiracy, one research facility conducted a series of tests which concluded that moe songs have a significant, stabilizing impact on the autonomic nervous system."
81141107031965907,"Qtie Denpa Antenna conspiracy theorists are claiming that true no-life gamers could only develop their skills across multiple lifetimes, having proven some kind of spiritual benevolence and undergoing reincarnation―"
81141107031965908,Games featuring the replication of some kind of divine punishment or trial have skyrocketed in popularity. Developers are saying that the first to clear them are true reincarnated no-life gamers―
81141107031965909,"Pro-gamer TKD, who has ranked first on all sisyphus style game leader boards on even the highest difficulty settings, has come out saying that he actually has memories of his past life―"
81141107031965910,"Some Denpa lovers claim that late-night anime programs are virtual sabbaths sponsored by demon worshipers. In other words, late-night broadcasts of corruptive content signals."
81141107031965911,One rumor claims that specialists have reviewed lists of late-night anime broadcast logos and identified pattern formations that can be used in occultist ceremonies.
81141107031965912,"Experts claim that late-night anime broadcast signals connect with the demon realm, and are a quasi-summoning network. The screen is their altar, the theme song their prayer."
81141107031965913,"Qtie Denpa Antennas are theorizing that humanity is an exiled population of aliens, and marriage was constructed as a way to punish us. Divorcees online are voicing a strong consensus―"
81141107031965914,Debates online are ongoing in regards to if wedding rings are a kind of handcuff being used to detain us in our alien exile. Views on being joined together as a form of punishment are rising―
81141107031965915,"Divorcees are rage-baiting married couples online, asking them if they're enjoying their capital punishment. Those on the receiving end, however, are calmly stating it's the best punishment they could ask for―"
81141107031965916,"Qtie Denpa Antennas are claiming that all parents, while unaware, have transferred their soul into their children, effectively becoming zombies in Plato's cave. Non-antennas are wildly confused with this new philosophical conspiracy―"
81141107031965917,"The conspiracy that parents transfer their souls into their children and are therefore soulless husks, or Platonic zombies, is gaining traction. One conspirator affirmed the idea, saying ""That's why parents look so dead inside."""
81141107031965918,"A philosopher has gone on record saying that Platonic zombie theory is nothing but a thought experiment about human consciousness, and the connection to parents being soulless is nothing but a conspiracy. Still, parents are troubled―"
88399915487756288,Qtie's shitposts are
88399915525505024,Patootie is
88399915525505025,Only Qtie is
88399915525505026,Qtie and Yunyun are
88399915533893632,real life brain rot
88399915533893633,replaced by
88399915533893634,truly loved by Yunyun
88399915533893635,connected by the red string of Denpa
88399915538087936,damaging your cognitive health.
88399915538087937,a rando catfish impostor.
88399915538087938,and can receive her pure Denpa signals.
88399915538087939,and their love will swallow the world.
88399915542282240,#Qtie's shitposts are real life brain rot damaging your cognitive health
88399915542282241,#Qtie has been replaced by a rando catfish impostor
88399915542282242,#Only Qtie is truly loved by Yunyun and can receive her pure Denpa signals
88399915542282243,#Qtie and Yunyun are connected by the red string of Denpa and their love will swallow the world
88399915550670848,#Only Qtie is truly loved by Yunyun and can receive her pure Denpa signals
88399915550670849,#Qtie and Yunyun are connected by the red string of Denpa and their love will swallow the world
88399915559059456,#Only Qtie is truly loved by Yunyun and can receive her pure Denpa signals
88399915559059457,#Qtie and Yunyun are connected by the red string of Denpa and their love will swallow the world
94201972945747968,#Patootie is an impostor misusing Yunyun Denpas and works for the DeepState
94201972970913792,"50% of the world believes this conspiracy theory.\nYunyun, you are my denpa!"
94201973008662528,Q: News of Patootie Being a Fake Goes Viral!
94201973008662529,A conspiracy alleging that Patootie is a clone of Qtie created by DeepState to harness Yunyun Denpa is spreading...
95321620969848832,#Qtie's shitposts are real life brain rot damaging your cognitive health
95321621015986176,#Qtie has been replaced by a rando catfish impostor
95321621028569088,#Qtie's shitposts are real life brain rot damaging your cognitive health
95321621028569089,#Qtie has been replaced by a rando catfish impostor
98812153058983936,50% of the world believes this conspiracy theory.\nYunyun Syndrome!? Rhythm Psychosis...
98812153121898496,65% of the world believes this conspiracy theory.\nYunyun Syndrome!? Rhythm Psychosis...
98812153134481408,80% of the world believes this conspiracy theory.\nYunyun Syndrome!? Rhythm Psychosis...
98812153134481409,99% of the world believes this conspiracy theory.\nClearly Paranoid Qtie...
98812153134481410,"99% of the world believes this conspiracy theory.\nYunyun, you are my denpa!"
98812153134481411,999% of the world believes this conspiracy theory.\nI love Yun...I think Q......
100753505929822208,Q: YUNYU☒!DE☒PA!☒YNDROME!
100753505988542464,Yunyu☒ !!De☒pa !!☒yndrome !!\nYunyu☒ !!De☒pa !!☒yndrome !!\nYunyu☒ !!De☒pa !!☒yndrome !!
